target,window,train_size,selected,feature,mean_abs_shap
WTI Oil,tscv_01,552,True,Spread_Crack,16.39591779725333
WTI Oil,tscv_01,552,True,Ratio_Gold_Oil,0.7547343111228022
WTI Oil,tscv_01,552,True,EX_USD_KRW,0.7119731029251452
WTI Oil,tscv_01,552,True,Com_Gasoline_ma12r,0.3788511396674619
WTI Oil,tscv_01,552,True,Com_Coal,0.25368341129287636
WTI Oil,tscv_01,552,True,Com_PalmOil,0.2268897279889287
WTI Oil,tscv_01,552,True,Com_Gasoline,0.22520188562287327
WTI Oil,tscv_01,552,True,Com_Soybeans,0.21230351883993961
WTI Oil,tscv_01,552,True,Idx_SnPVIX,0.20114050376830955
WTI Oil,tscv_01,552,True,Spread_10Y_2Y,0.1988298241964172
WTI Oil,tscv_01,552,True,Bonds_US_10Y,0.17750078289055105
WTI Oil,tscv_01,552,True,Bonds_US_3M_ret,0.17386724014994542
WTI Oil,tscv_01,552,True,Com_NaturalGas,0.15062065921450313
WTI Oil,tscv_01,552,True,Bonds_KOR_10Y,0.14542918994010323
WTI Oil,tscv_01,552,True,Idx_SnP500_ret,0.14418691908890874
WTI Oil,tscv_01,552,True,Com_LME_Cu_Cash,0.14207375449068077
WTI Oil,tscv_01,552,True,EX_USD_JPY,0.12241017207843598
WTI Oil,tscv_01,552,True,Idx_SnP500,0.12065854073945077
WTI Oil,tscv_01,552,True,Com_Gasoline_ret,0.10853183276763324
WTI Oil,tscv_01,552,True,Bonds_US_2Y,0.10704884518079162
WTI Oil,tscv_01,552,False,n_features=10,10.414716598625526
WTI Oil,tscv_01,552,False,n_features=15,10.698944382022308
WTI Oil,tscv_01,552,False,n_features=20,10.380179044311374
WTI Oil,tscv_01,552,False,n_features=25,10.771837630272609
WTI Oil,tscv_01,552,False,n_features=30,11.08191310558286
WTI Oil,tscv_01,552,False,n_features=40,11.494140098133194
WTI Oil,tscv_01,552,False,n_features=55,11.910596196963423
WTI Oil,tscv_02,556,True,Spread_Crack,16.438330200525964
WTI Oil,tscv_02,556,True,Ratio_Gold_Oil,0.7885510498163961
WTI Oil,tscv_02,556,True,EX_USD_KRW,0.7206993156354815
WTI Oil,tscv_02,556,True,Com_Gasoline_ma12r,0.3521090575864759
WTI Oil,tscv_02,556,True,Com_Coal,0.26106917464570434
WTI Oil,tscv_02,556,True,Spread_10Y_2Y,0.21463943764966764
WTI Oil,tscv_02,556,True,Com_Soybeans,0.21139946146311786
WTI Oil,tscv_02,556,True,Idx_SnPVIX,0.19207986981283764
WTI Oil,tscv_02,556,True,Com_PalmOil,0.1916720992209691
WTI Oil,tscv_02,556,True,Idx_SnP500,0.18070807375325726
WTI Oil,tscv_02,556,True,Bonds_US_3M_ret,0.1699991171449393
WTI Oil,tscv_02,556,True,Com_Gasoline,0.15717824760059596
WTI Oil,tscv_02,556,True,Com_NaturalGas,0.15283018708231863
WTI Oil,tscv_02,556,True,Idx_SnP500_ret,0.14046533370613665
WTI Oil,tscv_02,556,True,Com_Uranium,0.13666460142384398
WTI Oil,tscv_02,556,False,n_features=10,9.518340771689267
WTI Oil,tscv_02,556,False,n_features=15,8.75793728495996
WTI Oil,tscv_02,556,False,n_features=20,9.295885202602951
WTI Oil,tscv_02,556,False,n_features=25,9.403909266314228
WTI Oil,tscv_02,556,False,n_features=30,9.380447010981085
WTI Oil,tscv_02,556,False,n_features=40,9.775518746883884
WTI Oil,tscv_02,556,False,n_features=55,10.496287417009105
WTI Oil,tscv_03,560,True,Spread_Crack,16.404420221110858
WTI Oil,tscv_03,560,True,Ratio_Gold_Oil,0.8317871347066859
WTI Oil,tscv_03,560,True,EX_USD_KRW,0.7695329646713048
WTI Oil,tscv_03,560,True,Com_Gasoline_ma12r,0.35026663096200383
WTI Oil,tscv_03,560,True,Com_Coal,0.3219967228599249
WTI Oil,tscv_03,560,True,Com_Gasoline,0.2566424334433759
WTI Oil,tscv_03,560,True,Idx_SnPVIX,0.21074779393087767
WTI Oil,tscv_03,560,True,Com_Soybeans,0.19152433105773586
WTI Oil,tscv_03,560,True,Com_PalmOil,0.18963789708258963
WTI Oil,tscv_03,560,True,Spread_10Y_2Y,0.18348819588077553
WTI Oil,tscv_03,560,True,Idx_SnP500_ret,0.1818069426782096
WTI Oil,tscv_03,560,True,Com_NaturalGas,0.17039802320227537
WTI Oil,tscv_03,560,True,Bonds_US_3M_ret,0.16164974769845755
WTI Oil,tscv_03,560,True,Idx_SnP500,0.12904355184509594
WTI Oil,tscv_03,560,True,Com_LME_Cu_Cash,0.12279216791022249
WTI Oil,tscv_03,560,False,n_features=10,9.584826934138594
WTI Oil,tscv_03,560,False,n_features=15,8.750106746289713
WTI Oil,tscv_03,560,False,n_features=20,8.909964269352454
WTI Oil,tscv_03,560,False,n_features=25,9.073933739758427
WTI Oil,tscv_03,560,False,n_features=30,8.93515637410346
WTI Oil,tscv_03,560,False,n_features=40,9.798733574314898
WTI Oil,tscv_03,560,False,n_features=55,10.292664811781664
WTI Oil,tscv_04,564,True,Spread_Crack,16.26028131564911
WTI Oil,tscv_04,564,True,Ratio_Gold_Oil,0.8185389981165925
WTI Oil,tscv_04,564,True,EX_USD_KRW,0.7973963058293342
WTI Oil,tscv_04,564,True,Com_Gasoline_ma12r,0.3317571538290236
WTI Oil,tscv_04,564,True,Com_Coal,0.26851183539934786
WTI Oil,tscv_04,564,True,Com_Uranium,0.2254956723917256
WTI Oil,tscv_04,564,True,Com_Soybeans,0.21401356320330803
WTI Oil,tscv_04,564,True,Com_PalmOil,0.2124472695748729
WTI Oil,tscv_04,564,True,Idx_SnPVIX,0.2119132932929196
WTI Oil,tscv_04,564,True,Bonds_US_3M_ret,0.16059296509491325
WTI Oil,tscv_04,564,True,Com_LME_Cu_Cash,0.15776805221033555
WTI Oil,tscv_04,564,True,Idx_SnP500_ret,0.15706008409970246
WTI Oil,tscv_04,564,True,Com_NaturalGas,0.15333512271201002
WTI Oil,tscv_04,564,True,Bonds_KOR_10Y,0.1505138723278616
WTI Oil,tscv_04,564,True,Com_Gasoline,0.14127120415061334
WTI Oil,tscv_04,564,True,Bonds_US_10Y,0.13557669377676904
WTI Oil,tscv_04,564,True,Idx_CSI300,0.12432509323365379
WTI Oil,tscv_04,564,True,Com_Gasoline_ret,0.1168955245245845
WTI Oil,tscv_04,564,True,EX_USD_CNY,0.11076471932735991
WTI Oil,tscv_04,564,True,Idx_SnP500,0.10821439122657327
WTI Oil,tscv_04,564,True,Bonds_US_2Y,0.10731419996419242
WTI Oil,tscv_04,564,True,Spread_10Y_2Y,0.09592723972615712
WTI Oil,tscv_04,564,True,EX_USD_JPY,0.095575018975228
WTI Oil,tscv_04,564,True,Com_LME_Cu_Cash_ret,0.09374765434377273
WTI Oil,tscv_04,564,True,EX_USD_KRW_ret,0.09296974512963102
WTI Oil,tscv_04,564,False,n_features=10,9.222675146008957
WTI Oil,tscv_04,564,False,n_features=15,9.096037518933635
WTI Oil,tscv_04,564,False,n_features=20,9.08878396863976
WTI Oil,tscv_04,564,False,n_features=25,8.844513614871566
WTI Oil,tscv_04,564,False,n_features=30,9.260924629745952
WTI Oil,tscv_04,564,False,n_features=40,10.25820772988483
WTI Oil,tscv_04,564,False,n_features=55,10.622423295986161
WTI Oil,tscv_05,568,True,Spread_Crack,16.275566009846997
WTI Oil,tscv_05,568,True,Ratio_Gold_Oil,0.8147652928187967
WTI Oil,tscv_05,568,True,EX_USD_KRW,0.7568012215078523
WTI Oil,tscv_05,568,True,Com_Gasoline_ma12r,0.33657913875098294
WTI Oil,tscv_05,568,True,Com_Coal,0.2872513637339345
WTI Oil,tscv_05,568,True,Com_Soybeans,0.2350212701379329
WTI Oil,tscv_05,568,True,Spread_10Y_2Y,0.21546812537623608
WTI Oil,tscv_05,568,True,Idx_SnPVIX,0.2089960188512413
WTI Oil,tscv_05,568,True,Com_PalmOil,0.1905756368498437
WTI Oil,tscv_05,568,True,Bonds_US_3M_ret,0.18574090642357474
WTI Oil,tscv_05,568,True,Com_Gasoline,0.1613163565355214
WTI Oil,tscv_05,568,True,Idx_SnP500_ret,0.16082768965059108
WTI Oil,tscv_05,568,True,Com_NaturalGas,0.1450597353662026
WTI Oil,tscv_05,568,True,Com_Gasoline_ret,0.14210950605612904
WTI Oil,tscv_05,568,True,Com_LME_Cu_Cash,0.13831003334158126
WTI Oil,tscv_05,568,False,n_features=10,8.534968363767215
WTI Oil,tscv_05,568,False,n_features=15,7.575290280811013
WTI Oil,tscv_05,568,False,n_features=20,7.8328043316692275
WTI Oil,tscv_05,568,False,n_features=25,8.267372330918812
WTI Oil,tscv_05,568,False,n_features=30,8.893915731943803
WTI Oil,tscv_05,568,False,n_features=40,9.36527589351522
WTI Oil,tscv_05,568,False,n_features=55,9.928038399235824
WTI Oil,tscv_06,572,True,Spread_Crack,16.305202115825775
WTI Oil,tscv_06,572,True,Ratio_Gold_Oil,0.8186921032530268
WTI Oil,tscv_06,572,True,EX_USD_KRW,0.7924697943450262
WTI Oil,tscv_06,572,True,Com_Coal,0.33554323964727667
WTI Oil,tscv_06,572,True,Com_Gasoline_ma12r,0.3166201876076156
WTI Oil,tscv_06,572,True,Com_Gasoline,0.23380122902475703
WTI Oil,tscv_06,572,True,Idx_SnPVIX,0.23167041653657985
WTI Oil,tscv_06,572,True,Com_PalmOil,0.19560857061131584
WTI Oil,tscv_06,572,True,Com_Soybeans,0.18112495939082376
WTI Oil,tscv_06,572,True,Bonds_US_3M_ret,0.17984179441215806
WTI Oil,tscv_06,572,True,Com_NaturalGas,0.17360247498638057
WTI Oil,tscv_06,572,True,Idx_SnP500_ret,0.16787188807674658
WTI Oil,tscv_06,572,True,Bonds_US_10Y,0.1351525987049836
WTI Oil,tscv_06,572,True,Idx_CSI300,0.13512608388152822
WTI Oil,tscv_06,572,True,Com_Gasoline_ret,0.11964008642522875
WTI Oil,tscv_06,572,True,Idx_SnP500,0.11771888004423947
WTI Oil,tscv_06,572,True,Bonds_KOR_10Y,0.11614494514867174
WTI Oil,tscv_06,572,True,Com_LME_Cu_Cash,0.11333948749559054
WTI Oil,tscv_06,572,True,Spread_10Y_2Y,0.11228924646885141
WTI Oil,tscv_06,572,True,EX_USD_CNY,0.10680006344324912
WTI Oil,tscv_06,572,False,n_features=10,9.29028503508239
WTI Oil,tscv_06,572,False,n_features=15,8.839629386407914
WTI Oil,tscv_06,572,False,n_features=20,8.63832606833578
WTI Oil,tscv_06,572,False,n_features=25,9.000524356368022
WTI Oil,tscv_06,572,False,n_features=30,8.915072881840445
WTI Oil,tscv_06,572,False,n_features=40,10.127749794641932
WTI Oil,tscv_06,572,False,n_features=55,10.730054375973385
WTI Oil,tscv_07,576,True,Spread_Crack,16.362870788089474
WTI Oil,tscv_07,576,True,EX_USD_KRW,0.8107334496335199
WTI Oil,tscv_07,576,True,Ratio_Gold_Oil,0.697415147752534
WTI Oil,tscv_07,576,True,Com_Gasoline_ma12r,0.34906592244037876
WTI Oil,tscv_07,576,True,Com_Coal,0.2562443306775236
WTI Oil,tscv_07,576,True,Com_Gasoline,0.23035719567735402
WTI Oil,tscv_07,576,True,Idx_SnPVIX,0.22545083033917368
WTI Oil,tscv_07,576,True,Com_PalmOil,0.20949026781105998
WTI Oil,tscv_07,576,True,Com_Soybeans,0.19316233299726152
WTI Oil,tscv_07,576,True,Bonds_US_10Y,0.17644082224388968
WTI Oil,tscv_07,576,True,Com_LME_Cu_Cash,0.16466055338136842
WTI Oil,tscv_07,576,True,Bonds_US_3M_ret,0.15573427705838946
WTI Oil,tscv_07,576,True,Com_NaturalGas,0.15539100622665195
WTI Oil,tscv_07,576,True,Com_Gasoline_ret,0.1376214578955048
WTI Oil,tscv_07,576,True,Idx_SnP500_ret,0.1315870636412878
WTI Oil,tscv_07,576,False,n_features=10,9.365317550931426
WTI Oil,tscv_07,576,False,n_features=15,8.567767951617608
WTI Oil,tscv_07,576,False,n_features=20,9.003786358675002
WTI Oil,tscv_07,576,False,n_features=25,9.067922720015128
WTI Oil,tscv_07,576,False,n_features=30,10.562594928981708
WTI Oil,tscv_07,576,False,n_features=40,10.904952971222125
WTI Oil,tscv_07,576,False,n_features=55,11.04267878742961
WTI Oil,tscv_08,580,True,Spread_Crack,16.361095807069493
WTI Oil,tscv_08,580,True,EX_USD_KRW,0.7472557305562314
WTI Oil,tscv_08,580,True,Ratio_Gold_Oil,0.7428926158565935
WTI Oil,tscv_08,580,True,Com_Coal,0.31719991429744854
WTI Oil,tscv_08,580,True,Com_Gasoline_ma12r,0.3035695281079894
WTI Oil,tscv_08,580,True,Com_PalmOil,0.2415418702812009
WTI Oil,tscv_08,580,True,Idx_SnPVIX,0.21301523699481026
WTI Oil,tscv_08,580,True,Com_Gasoline,0.19657000811730885
WTI Oil,tscv_08,580,True,Com_Soybeans,0.19212770451698657
WTI Oil,tscv_08,580,True,Bonds_US_3M_ret,0.174334028810276
WTI Oil,tscv_08,580,True,Com_NaturalGas,0.16139998309343948
WTI Oil,tscv_08,580,True,Bonds_KOR_10Y,0.1444609476538141
WTI Oil,tscv_08,580,True,Com_Gasoline_ret,0.14237882458244555
WTI Oil,tscv_08,580,True,Idx_CSI300,0.1377371335120289
WTI Oil,tscv_08,580,True,Spread_10Y_2Y,0.13242058537280138
WTI Oil,tscv_08,580,False,n_features=10,7.81596108760794
WTI Oil,tscv_08,580,False,n_features=15,7.724084274956529
WTI Oil,tscv_08,580,False,n_features=20,8.031842200624956
WTI Oil,tscv_08,580,False,n_features=25,8.199738471784649
WTI Oil,tscv_08,580,False,n_features=30,8.457609405611379
WTI Oil,tscv_08,580,False,n_features=40,9.34168999781889
WTI Oil,tscv_08,580,False,n_features=55,9.358056658915933
WTI Oil,tscv_09,584,True,Spread_Crack,16.440503723445254
WTI Oil,tscv_09,584,True,EX_USD_KRW,0.8028521618572773
WTI Oil,tscv_09,584,True,Ratio_Gold_Oil,0.7502707138227992
WTI Oil,tscv_09,584,True,Com_Coal,0.3643174368209582
WTI Oil,tscv_09,584,True,Com_Gasoline_ma12r,0.3251474903701518
WTI Oil,tscv_09,584,True,Idx_SnPVIX,0.23918991398896283
WTI Oil,tscv_09,584,True,Com_PalmOil,0.22635935830017898
WTI Oil,tscv_09,584,True,Com_Soybeans,0.17293640803796803
WTI Oil,tscv_09,584,True,Com_NaturalGas,0.16533049010697384
WTI Oil,tscv_09,584,True,Com_LME_Cu_Cash,0.15850497944351122
WTI Oil,tscv_09,584,True,Com_Gasoline,0.15763672088830852
WTI Oil,tscv_09,584,True,Bonds_US_3M_ret,0.15271231390415047
WTI Oil,tscv_09,584,True,Idx_SnP500_ret,0.14151218298534404
WTI Oil,tscv_09,584,True,EX_USD_CNY,0.13408933794002592
WTI Oil,tscv_09,584,True,Bonds_US_10Y,0.11949946708823705
WTI Oil,tscv_09,584,False,n_features=10,7.441078564653127
WTI Oil,tscv_09,584,False,n_features=15,7.396716545375176
WTI Oil,tscv_09,584,False,n_features=20,8.557295193360273
WTI Oil,tscv_09,584,False,n_features=25,8.871822841036217
WTI Oil,tscv_09,584,False,n_features=30,9.034553841214608
WTI Oil,tscv_09,584,False,n_features=40,9.512483032548374
WTI Oil,tscv_09,584,False,n_features=55,9.560534686484132
WTI Oil,tscv_10,588,True,Spread_Crack,16.40781266903568
WTI Oil,tscv_10,588,True,EX_USD_KRW,0.7885344365807319
WTI Oil,tscv_10,588,True,Ratio_Gold_Oil,0.6293772703251361
WTI Oil,tscv_10,588,True,Com_Coal,0.31569251180658287
WTI Oil,tscv_10,588,True,Com_Gasoline_ma12r,0.30739343167804256
WTI Oil,tscv_10,588,True,Com_PalmOil,0.22128679564213768
WTI Oil,tscv_10,588,True,Idx_SnPVIX,0.21959667434316707
WTI Oil,tscv_10,588,True,Com_Soybeans,0.182728258221275
WTI Oil,tscv_10,588,True,Bonds_KOR_10Y,0.18154381353837326
WTI Oil,tscv_10,588,True,Com_LME_Cu_Cash,0.17150024207935305
WTI Oil,tscv_10,588,True,Bonds_US_3M_ret,0.17149514118761466
WTI Oil,tscv_10,588,True,Com_NaturalGas,0.16022850756190776
WTI Oil,tscv_10,588,True,Bonds_US_10Y,0.15395107914053704
WTI Oil,tscv_10,588,True,EX_USD_CNY,0.15199994943636308
WTI Oil,tscv_10,588,True,Com_Gasoline,0.14423787613792943
WTI Oil,tscv_10,588,False,n_features=10,8.211573358104754
WTI Oil,tscv_10,588,False,n_features=15,7.5182805083590925
WTI Oil,tscv_10,588,False,n_features=20,8.008778772053118
WTI Oil,tscv_10,588,False,n_features=25,8.593367161166501
WTI Oil,tscv_10,588,False,n_features=30,9.050318608708182
WTI Oil,tscv_10,588,False,n_features=40,10.675479392281705
WTI Oil,tscv_10,588,False,n_features=55,10.649112382224802
WTI Oil,tscv_11,592,True,Spread_Crack,16.34616843441564
WTI Oil,tscv_11,592,True,EX_USD_KRW,0.7385712209957331
WTI Oil,tscv_11,592,True,Ratio_Gold_Oil,0.6998604353837962
WTI Oil,tscv_11,592,True,Com_Coal,0.34069165410187235
WTI Oil,tscv_11,592,True,Com_Gasoline_ma12r,0.27147720970797506
WTI Oil,tscv_11,592,True,Idx_SnPVIX,0.21886934446389592
WTI Oil,tscv_11,592,True,Com_PalmOil,0.20522058496487353
WTI Oil,tscv_11,592,True,Com_Soybeans,0.18533219231743708
WTI Oil,tscv_11,592,True,Com_Gasoline,0.18039805190369423
WTI Oil,tscv_11,592,True,Bonds_US_3M_ret,0.17882371623232193
WTI Oil,tscv_11,592,True,Com_NaturalGas,0.16575477571042202
WTI Oil,tscv_11,592,True,Spread_10Y_2Y,0.14446199885468325
WTI Oil,tscv_11,592,True,EX_USD_CNY,0.14085177621567296
WTI Oil,tscv_11,592,True,Com_Gasoline_ret,0.13787174550004
WTI Oil,tscv_11,592,True,Com_LME_Cu_Cash,0.13325734493689537
WTI Oil,tscv_11,592,False,n_features=10,7.927515482263113
WTI Oil,tscv_11,592,False,n_features=15,7.251200997169977
WTI Oil,tscv_11,592,False,n_features=20,8.355151163883384
WTI Oil,tscv_11,592,False,n_features=25,9.300663498415892
WTI Oil,tscv_11,592,False,n_features=30,9.243121283251034
WTI Oil,tscv_11,592,False,n_features=40,9.652955397152352
WTI Oil,tscv_11,592,False,n_features=55,9.901235421445786
WTI Oil,tscv_12,596,True,Spread_Crack,16.303106080668698
WTI Oil,tscv_12,596,True,EX_USD_KRW,0.7713052707670094
WTI Oil,tscv_12,596,True,Ratio_Gold_Oil,0.7094351201400405
WTI Oil,tscv_12,596,True,Com_Coal,0.3650029337543002
WTI Oil,tscv_12,596,True,Com_Gasoline_ma12r,0.29091963843699825
WTI Oil,tscv_12,596,True,Com_Gasoline,0.22260382689175656
WTI Oil,tscv_12,596,True,Com_PalmOil,0.20844697808904616
WTI Oil,tscv_12,596,True,Idx_SnPVIX,0.20462480168428684
WTI Oil,tscv_12,596,True,Com_NaturalGas,0.18303360400568375
WTI Oil,tscv_12,596,True,Com_Soybeans,0.17879423241823664
WTI Oil,tscv_12,596,False,n_features=10,7.4884664564028895
WTI Oil,tscv_12,596,False,n_features=15,7.746934912470867
WTI Oil,tscv_12,596,False,n_features=20,8.099401950853487
WTI Oil,tscv_12,596,False,n_features=25,8.128466494365888
WTI Oil,tscv_12,596,False,n_features=30,8.698572696082172
WTI Oil,tscv_12,596,False,n_features=40,9.519839639982733
WTI Oil,tscv_12,596,False,n_features=55,9.585207170718842
WTI Oil,tscv_13,600,True,Spread_Crack,16.229520736332336
WTI Oil,tscv_13,600,True,EX_USD_KRW,0.7375343684900207
WTI Oil,tscv_13,600,True,Ratio_Gold_Oil,0.611875055376122
WTI Oil,tscv_13,600,True,Com_Coal,0.37994458034357653
WTI Oil,tscv_13,600,True,Com_Gasoline_ma12r,0.321958047649544
WTI Oil,tscv_13,600,True,Idx_SnPVIX,0.21985497639506832
WTI Oil,tscv_13,600,True,Com_LME_Cu_Cash,0.21622492742344776
WTI Oil,tscv_13,600,True,Com_PalmOil,0.21301801231823356
WTI Oil,tscv_13,600,True,Com_Soybeans,0.1711431412977915
WTI Oil,tscv_13,600,True,Com_NaturalGas,0.16158516315298357
WTI Oil,tscv_13,600,False,n_features=10,7.305061992919638
WTI Oil,tscv_13,600,False,n_features=15,7.6818506327004
WTI Oil,tscv_13,600,False,n_features=20,7.620152485584304
WTI Oil,tscv_13,600,False,n_features=25,8.46259317532252
WTI Oil,tscv_13,600,False,n_features=30,8.547967849940612
WTI Oil,tscv_13,600,False,n_features=40,9.530312784449222
WTI Oil,tscv_13,600,False,n_features=55,9.556241364527109
WTI Oil,tscv_14,604,True,Spread_Crack,16.155135671156494
WTI Oil,tscv_14,604,True,EX_USD_KRW,0.732370921387073
WTI Oil,tscv_14,604,True,Ratio_Gold_Oil,0.6111037537734494
WTI Oil,tscv_14,604,True,Com_Coal,0.3913382887200037
WTI Oil,tscv_14,604,True,Com_Gasoline_ma12r,0.28316196275982775
WTI Oil,tscv_14,604,True,Idx_SnPVIX,0.20977437964865847
WTI Oil,tscv_14,604,True,Com_PalmOil,0.20200343209957006
WTI Oil,tscv_14,604,True,Bonds_US_3M_ret,0.1898443167872957
WTI Oil,tscv_14,604,True,Com_Soybeans,0.18177443925311335
WTI Oil,tscv_14,604,True,Com_NaturalGas,0.18081254888459683
WTI Oil,tscv_14,604,True,Idx_SnP500_ret,0.1574883126656187
WTI Oil,tscv_14,604,True,Com_Gasoline,0.15503028187348997
WTI Oil,tscv_14,604,True,Spread_10Y_2Y,0.14748781335446903
WTI Oil,tscv_14,604,True,Com_LME_Cu_Cash,0.14338986894778702
WTI Oil,tscv_14,604,True,Com_Gasoline_ret,0.13751731788736127
WTI Oil,tscv_14,604,False,n_features=10,7.023597457533144
WTI Oil,tscv_14,604,False,n_features=15,7.003316365054948
WTI Oil,tscv_14,604,False,n_features=20,7.528603981461034
WTI Oil,tscv_14,604,False,n_features=25,8.246915655969579
WTI Oil,tscv_14,604,False,n_features=30,8.388386821434064
WTI Oil,tscv_14,604,False,n_features=40,8.806147558700323
WTI Oil,tscv_14,604,False,n_features=55,9.680601424863838
WTI Oil,tscv_15,608,True,Spread_Crack,16.09718343754723
WTI Oil,tscv_15,608,True,EX_USD_KRW,0.7554268996737453
WTI Oil,tscv_15,608,True,Ratio_Gold_Oil,0.6430359782655929
WTI Oil,tscv_15,608,True,Com_Coal,0.34073143319256965
WTI Oil,tscv_15,608,True,Com_Gasoline_ma12r,0.29666307175916445
WTI Oil,tscv_15,608,True,Idx_SnPVIX,0.22089863251487696
WTI Oil,tscv_15,608,True,Com_Soybeans,0.21191935518209473
WTI Oil,tscv_15,608,True,Com_PalmOil,0.19851752539121859
WTI Oil,tscv_15,608,True,Bonds_US_3M_ret,0.174671969663058
WTI Oil,tscv_15,608,True,Com_Gasoline,0.15628286211827258
WTI Oil,tscv_15,608,True,Idx_SnP500_ret,0.15461741280190563
WTI Oil,tscv_15,608,True,Com_NaturalGas,0.1449304789911899
WTI Oil,tscv_15,608,True,Spread_10Y_2Y,0.13323989787097804
WTI Oil,tscv_15,608,True,Com_Iron_Ore,0.12569458512801698
WTI Oil,tscv_15,608,True,Com_LME_Cu_Cash,0.12390491301073063
WTI Oil,tscv_15,608,False,n_features=10,7.25140534789467
WTI Oil,tscv_15,608,False,n_features=15,7.069422942774281
WTI Oil,tscv_15,608,False,n_features=20,7.974632132636475
WTI Oil,tscv_15,608,False,n_features=25,8.319359857342603
WTI Oil,tscv_15,608,False,n_features=30,8.661453452315438
WTI Oil,tscv_15,608,False,n_features=40,9.367197792414764
WTI Oil,tscv_15,608,False,n_features=55,9.510025222664593
WTI Oil,tscv_16,612,True,Spread_Crack,15.95391189477307
WTI Oil,tscv_16,612,True,EX_USD_KRW,0.7356967825336311
WTI Oil,tscv_16,612,True,Ratio_Gold_Oil,0.5183246227633004
WTI Oil,tscv_16,612,True,Com_Gasoline_ma12r,0.3112358318706248
WTI Oil,tscv_16,612,True,Com_Gasoline,0.2705579914840961
WTI Oil,tscv_16,612,True,Com_Coal,0.25025181021026816
WTI Oil,tscv_16,612,True,Idx_SnPVIX,0.2112897226606274
WTI Oil,tscv_16,612,True,Com_Soybeans,0.20249327621085622
WTI Oil,tscv_16,612,True,Com_PalmOil,0.18442046270166618
WTI Oil,tscv_16,612,True,Bonds_US_10Y,0.17151254582988082
WTI Oil,tscv_16,612,True,Bonds_KOR_10Y,0.16178912834682407
WTI Oil,tscv_16,612,True,Bonds_US_3M_ret,0.15691609415892455
WTI Oil,tscv_16,612,True,Com_NaturalGas,0.15285799111363133
WTI Oil,tscv_16,612,True,Com_LME_Cu_Cash,0.141133628226602
WTI Oil,tscv_16,612,True,Idx_SnP500_ret,0.13282512964073015
WTI Oil,tscv_16,612,False,n_features=10,7.5540636232426746
WTI Oil,tscv_16,612,False,n_features=15,7.189241271069146
WTI Oil,tscv_16,612,False,n_features=20,8.161825185562996
WTI Oil,tscv_16,612,False,n_features=25,8.923415908649721
WTI Oil,tscv_16,612,False,n_features=30,9.159741023700125
WTI Oil,tscv_16,612,False,n_features=40,9.631482502495766
WTI Oil,tscv_16,612,False,n_features=55,9.77477713275301
WTI Oil,tscv_17,616,True,Spread_Crack,16.008106351427177
WTI Oil,tscv_17,616,True,EX_USD_KRW,0.7742124601842231
WTI Oil,tscv_17,616,True,Ratio_Gold_Oil,0.550407108733543
WTI Oil,tscv_17,616,True,Com_Coal,0.3822821082151958
WTI Oil,tscv_17,616,True,Com_Gasoline_ma12r,0.25379539866572665
WTI Oil,tscv_17,616,True,Idx_SnPVIX,0.20371589968050444
WTI Oil,tscv_17,616,True,Com_PalmOil,0.1875896295340241
WTI Oil,tscv_17,616,True,Com_Soybeans,0.18305998481159427
WTI Oil,tscv_17,616,True,Com_NaturalGas,0.18083573975132505
WTI Oil,tscv_17,616,True,Bonds_US_3M_ret,0.17910731656355958
WTI Oil,tscv_17,616,True,Spread_10Y_2Y,0.15973364554297412
WTI Oil,tscv_17,616,True,Com_LME_Cu_Cash,0.15375828795795132
WTI Oil,tscv_17,616,True,Idx_SnP500_ret,0.13851593323382483
WTI Oil,tscv_17,616,True,Com_Gasoline,0.13814141879443512
WTI Oil,tscv_17,616,True,EX_USD_CNY,0.13802965063611938
WTI Oil,tscv_17,616,False,n_features=10,7.049515273368451
WTI Oil,tscv_17,616,False,n_features=15,6.744047922226841
WTI Oil,tscv_17,616,False,n_features=20,7.3175709091237495
WTI Oil,tscv_17,616,False,n_features=25,9.410942499141367
WTI Oil,tscv_17,616,False,n_features=30,9.946424864326204
WTI Oil,tscv_17,616,False,n_features=40,9.954173054669306
WTI Oil,tscv_17,616,False,n_features=55,10.067392400121483
WTI Oil,tscv_18,620,True,Spread_Crack,15.972883177174571
WTI Oil,tscv_18,620,True,EX_USD_KRW,0.7603405046332499
WTI Oil,tscv_18,620,True,Ratio_Gold_Oil,0.5638564370903857
WTI Oil,tscv_18,620,True,Com_Coal,0.31206155446036365
WTI Oil,tscv_18,620,True,Com_Gasoline_ma12r,0.2893946563986756
WTI Oil,tscv_18,620,True,Com_Gasoline,0.24123050311603858
WTI Oil,tscv_18,620,True,Idx_SnPVIX,0.22661213379562148
WTI Oil,tscv_18,620,True,Bonds_US_3M_ret,0.17405434553981952
WTI Oil,tscv_18,620,True,Com_Soybeans,0.16969850831853497
WTI Oil,tscv_18,620,True,Com_NaturalGas,0.1663666536024601
WTI Oil,tscv_18,620,True,Com_PalmOil,0.15736505954312274
WTI Oil,tscv_18,620,True,Idx_SnP500_ret,0.1498115407098663
WTI Oil,tscv_18,620,True,Bonds_US_10Y,0.14402207075508663
WTI Oil,tscv_18,620,True,Com_LME_Cu_Cash,0.12670218368714578
WTI Oil,tscv_18,620,True,Com_Iron_Ore,0.11797089726290788
WTI Oil,tscv_18,620,False,n_features=10,7.129618750884101
WTI Oil,tscv_18,620,False,n_features=15,7.007150618556921
WTI Oil,tscv_18,620,False,n_features=20,8.04918012809458
WTI Oil,tscv_18,620,False,n_features=25,9.864695943793217
WTI Oil,tscv_18,620,False,n_features=30,9.846110160250461
WTI Oil,tscv_18,620,False,n_features=40,9.781634859073074
WTI Oil,tscv_18,620,False,n_features=55,9.994889870484588
WTI Oil,tscv_19,624,True,Spread_Crack,15.96294153569712
WTI Oil,tscv_19,624,True,EX_USD_KRW,0.7530533574451368
WTI Oil,tscv_19,624,True,Ratio_Gold_Oil,0.48164661626821814
WTI Oil,tscv_19,624,True,Com_Coal,0.3186333390408105
WTI Oil,tscv_19,624,True,Com_Gasoline_ma12r,0.29134884936958233
WTI Oil,tscv_19,624,True,Idx_SnPVIX,0.20180279271293391
WTI Oil,tscv_19,624,True,Com_Soybeans,0.1999784616560849
WTI Oil,tscv_19,624,True,Com_PalmOil,0.1918194329255039
WTI Oil,tscv_19,624,True,Bonds_US_10Y,0.18102957618438256
WTI Oil,tscv_19,624,True,Com_LME_Cu_Cash,0.16534042250832592
WTI Oil,tscv_19,624,True,Bonds_US_3M_ret,0.15914518380681686
WTI Oil,tscv_19,624,True,Com_NaturalGas,0.14643193359896206
WTI Oil,tscv_19,624,True,Bonds_KOR_10Y,0.12191744527154846
WTI Oil,tscv_19,624,True,Idx_SnP500_ret,0.1195315569946062
WTI Oil,tscv_19,624,True,Com_Gasoline,0.10660399765805298
WTI Oil,tscv_19,624,True,EX_USD_CNY,0.10098771973225582
WTI Oil,tscv_19,624,True,Spread_10Y_2Y,0.09552031939216267
WTI Oil,tscv_19,624,True,Bonds_US_3M,0.09542939190561499
WTI Oil,tscv_19,624,True,Bonds_US_2Y,0.09330885659723143
WTI Oil,tscv_19,624,True,Com_Gold_ret,0.09322480445047038
WTI Oil,tscv_19,624,False,n_features=10,7.496908014489757
WTI Oil,tscv_19,624,False,n_features=15,7.110352674290667
WTI Oil,tscv_19,624,False,n_features=20,7.042861580191689
WTI Oil,tscv_19,624,False,n_features=25,8.055862341183232
WTI Oil,tscv_19,624,False,n_features=30,8.482390425386809
WTI Oil,tscv_19,624,False,n_features=40,8.444945900958611
WTI Oil,tscv_19,624,False,n_features=55,9.295978600583734
WTI Oil,tscv_20,628,True,Spread_Crack,15.669774550337626
WTI Oil,tscv_20,628,True,EX_USD_KRW,0.7285841919090406
WTI Oil,tscv_20,628,True,Ratio_Gold_Oil,0.5666085991365124
WTI Oil,tscv_20,628,True,Com_Coal,0.2667490838304698
WTI Oil,tscv_20,628,True,Com_Gasoline_ma12r,0.26354803969341295
WTI Oil,tscv_20,628,True,Idx_SnPVIX,0.2504576838138395
WTI Oil,tscv_20,628,True,Com_Gasoline,0.24100127669552152
WTI Oil,tscv_20,628,True,Com_Soybeans,0.1817398249865724
WTI Oil,tscv_20,628,True,Com_NaturalGas,0.17469501946346377
WTI Oil,tscv_20,628,True,Com_PalmOil,0.1733315894006
WTI Oil,tscv_20,628,True,Bonds_US_3M_ret,0.15218969919445968
WTI Oil,tscv_20,628,True,Spread_10Y_2Y,0.14982440299005206
WTI Oil,tscv_20,628,True,Com_LME_Cu_Cash,0.14226497103291114
WTI Oil,tscv_20,628,True,EX_USD_CNY,0.11959488271590753
WTI Oil,tscv_20,628,True,Com_Gasoline_ret,0.11661012293021614
WTI Oil,tscv_20,628,False,n_features=10,6.729595536343359
WTI Oil,tscv_20,628,False,n_features=15,6.582742550402251
WTI Oil,tscv_20,628,False,n_features=20,7.733002576518852
WTI Oil,tscv_20,628,False,n_features=25,7.821909080950252
WTI Oil,tscv_20,628,False,n_features=30,8.894949580949273
WTI Oil,tscv_20,628,False,n_features=40,8.950775113722337
WTI Oil,tscv_20,628,False,n_features=55,9.036026079149059
WTI Oil,tscv_21,632,True,Spread_Crack,15.71033451827836
WTI Oil,tscv_21,632,True,EX_USD_KRW,0.7521814464801932
WTI Oil,tscv_21,632,True,Ratio_Gold_Oil,0.5318673378802711
WTI Oil,tscv_21,632,True,Com_Coal,0.3164371583373228
WTI Oil,tscv_21,632,True,Com_Gasoline_ma12r,0.31098644047756163
WTI Oil,tscv_21,632,True,Com_Gasoline,0.22354998507585663
WTI Oil,tscv_21,632,True,Idx_SnPVIX,0.21890215040991307
WTI Oil,tscv_21,632,True,Com_Soybeans,0.17026033262314075
WTI Oil,tscv_21,632,True,Com_PalmOil,0.1654306709228826
WTI Oil,tscv_21,632,True,Bonds_US_3M_ret,0.1647158309940896
WTI Oil,tscv_21,632,False,n_features=10,6.619447392714193
WTI Oil,tscv_21,632,False,n_features=15,6.730447344565475
WTI Oil,tscv_21,632,False,n_features=20,7.035256655718284
WTI Oil,tscv_21,632,False,n_features=25,7.350849102881204
WTI Oil,tscv_21,632,False,n_features=30,8.990721643723715
WTI Oil,tscv_21,632,False,n_features=40,9.7735250596418
WTI Oil,tscv_21,632,False,n_features=55,9.827433803982263
WTI Oil,tscv_22,636,True,Spread_Crack,15.521566654631291
WTI Oil,tscv_22,636,True,EX_USD_KRW,0.7374698731204868
WTI Oil,tscv_22,636,True,Ratio_Gold_Oil,0.5469014835814223
WTI Oil,tscv_22,636,True,Com_Coal,0.32594963759121776
WTI Oil,tscv_22,636,True,Com_Gasoline_ma12r,0.2734415179652995
WTI Oil,tscv_22,636,True,Idx_SnPVIX,0.2438239756438083
WTI Oil,tscv_22,636,True,Com_Gasoline,0.20725446424673585
WTI Oil,tscv_22,636,True,Com_Soybeans,0.19410766936979454
WTI Oil,tscv_22,636,True,Com_PalmOil,0.19277036065563735
WTI Oil,tscv_22,636,True,Com_LME_Cu_Cash,0.16613415815281268
WTI Oil,tscv_22,636,False,n_features=10,6.779373033362067
WTI Oil,tscv_22,636,False,n_features=15,6.854362580350873
WTI Oil,tscv_22,636,False,n_features=20,6.990181520225569
WTI Oil,tscv_22,636,False,n_features=25,9.442389008284472
WTI Oil,tscv_22,636,False,n_features=30,9.662290579998878
WTI Oil,tscv_22,636,False,n_features=40,9.772830384009431
WTI Oil,tscv_22,636,False,n_features=55,9.839367512434782
WTI Oil,tscv_23,640,True,Spread_Crack,15.454764895519062
WTI Oil,tscv_23,640,True,EX_USD_KRW,0.7620241593847205
WTI Oil,tscv_23,640,True,Ratio_Gold_Oil,0.5127024347406081
WTI Oil,tscv_23,640,True,Com_Coal,0.37135757309541984
WTI Oil,tscv_23,640,True,Idx_SnPVIX,0.23676273758754615
WTI Oil,tscv_23,640,True,Com_Gasoline_ma12r,0.22134267687209386
WTI Oil,tscv_23,640,True,Com_Soybeans,0.18052430370820585
WTI Oil,tscv_23,640,True,Com_LME_Cu_Cash,0.17834889973767873
WTI Oil,tscv_23,640,True,Com_PalmOil,0.17403206203140215
WTI Oil,tscv_23,640,True,Com_Gasoline,0.17088895115616878
WTI Oil,tscv_23,640,False,n_features=10,6.450037999290498
WTI Oil,tscv_23,640,False,n_features=15,6.553296072894466
WTI Oil,tscv_23,640,False,n_features=20,6.817257649140339
WTI Oil,tscv_23,640,False,n_features=25,7.316437048461779
WTI Oil,tscv_23,640,False,n_features=30,8.441963468028678
WTI Oil,tscv_23,640,False,n_features=40,9.226289191497962
WTI Oil,tscv_23,640,False,n_features=55,9.323130311108054
WTI Oil,tscv_24,644,True,Spread_Crack,15.36176633649089
WTI Oil,tscv_24,644,True,EX_USD_KRW,0.7376625958622743
WTI Oil,tscv_24,644,True,Ratio_Gold_Oil,0.5642892965301135
WTI Oil,tscv_24,644,True,Com_Coal,0.36919646246397264
WTI Oil,tscv_24,644,True,Com_Gasoline_ma12r,0.27986240457158224
WTI Oil,tscv_24,644,True,Com_Gasoline,0.2595999610787777
WTI Oil,tscv_24,644,True,Idx_SnPVIX,0.20625620248540247
WTI Oil,tscv_24,644,True,Com_Soybeans,0.1692639950113113
WTI Oil,tscv_24,644,True,Com_NaturalGas,0.1683724335009225
WTI Oil,tscv_24,644,True,Com_PalmOil,0.16510662796344616
WTI Oil,tscv_24,644,True,Bonds_US_3M_ret,0.15605151115818858
WTI Oil,tscv_24,644,True,Spread_10Y_2Y,0.15270816596737938
WTI Oil,tscv_24,644,True,Com_LME_Cu_Cash,0.1523986206388659
WTI Oil,tscv_24,644,True,Bonds_US_10Y,0.1405119286567298
WTI Oil,tscv_24,644,True,Idx_SnP500_ret,0.13795180264483517
WTI Oil,tscv_24,644,False,n_features=10,6.3649895253932325
WTI Oil,tscv_24,644,False,n_features=15,6.31073372367991
WTI Oil,tscv_24,644,False,n_features=20,6.49767526004887
WTI Oil,tscv_24,644,False,n_features=25,7.2935429683375546
WTI Oil,tscv_24,644,False,n_features=30,7.408498768919388
WTI Oil,tscv_24,644,False,n_features=40,8.460338636276338
WTI Oil,tscv_24,644,False,n_features=55,9.02876878115604
WTI Oil,holdout,656,True,Spread_Crack,15.112368406072015
WTI Oil,holdout,656,True,EX_USD_KRW,0.7503265639763601
WTI Oil,holdout,656,True,Ratio_Gold_Oil,0.5822013931698912
WTI Oil,holdout,656,True,Com_Coal,0.35937433734342455
WTI Oil,holdout,656,True,Com_Gasoline,0.282655705357186
WTI Oil,holdout,656,True,Com_Gasoline_ma12r,0.27260841983677764
WTI Oil,holdout,656,True,Idx_SnPVIX,0.23746885910688653
WTI Oil,holdout,656,True,Com_Soybeans,0.1981356259475175
WTI Oil,holdout,656,True,Com_NaturalGas,0.16259733454519812
WTI Oil,holdout,656,True,Com_PalmOil,0.15458505602987824
WTI Oil,holdout,656,False,n_features=10,6.340205961368405
WTI Oil,holdout,656,False,n_features=15,6.435128849720394
WTI Oil,holdout,656,False,n_features=20,6.472058197877308
WTI Oil,holdout,656,False,n_features=25,7.265402383177049
WTI Oil,holdout,656,False,n_features=30,8.411532840739884
WTI Oil,holdout,656,False,n_features=40,8.849578670367448
WTI Oil,holdout,656,False,n_features=55,8.992506032402225
Brent Oil,tscv_01,552,True,Spread_Crack,16.83741865108542
Brent Oil,tscv_01,552,True,Ratio_Gold_Oil,0.8687981523597759
Brent Oil,tscv_01,552,True,Com_Gasoline,0.4582250213207593
Brent Oil,tscv_01,552,True,EX_USD_KRW,0.3791664785089335
Brent Oil,tscv_01,552,True,Com_Gasoline_ma12r,0.3188405689545406
Brent Oil,tscv_01,552,True,Com_Coal,0.28908621409111274
Brent Oil,tscv_01,552,True,Idx_DxyUSD,0.24479203160604232
Brent Oil,tscv_01,552,True,Idx_SnPVIX,0.2130749474731586
Brent Oil,tscv_01,552,True,Com_PalmOil,0.20142164815864758
Brent Oil,tscv_01,552,True,Idx_DxyUSD_ma12r,0.17767936873156462
Brent Oil,tscv_01,552,True,Idx_SnP500,0.17343212075847614
Brent Oil,tscv_01,552,True,Bonds_US_3M_ret,0.17252689851093495
Brent Oil,tscv_01,552,True,Bonds_US_10Y,0.1610914192516915
Brent Oil,tscv_01,552,True,Spread_10Y_2Y,0.1591739926501445
Brent Oil,tscv_01,552,True,Com_NaturalGas,0.14786835886756983
Brent Oil,tscv_01,552,True,Idx_SnPVIX_ret,0.14756709847553928
Brent Oil,tscv_01,552,True,Idx_CSI300,0.13554385360897342
Brent Oil,tscv_01,552,True,Com_Gasoline_ret,0.1337367497137977
Brent Oil,tscv_01,552,True,EX_USD_JPY,0.1305190608916802
Brent Oil,tscv_01,552,True,Bonds_US_2Y,0.12805463402416264
Brent Oil,tscv_01,552,False,n_features=10,12.331884080224345
Brent Oil,tscv_01,552,False,n_features=15,11.84552779070717
Brent Oil,tscv_01,552,False,n_features=20,11.598128022917336
Brent Oil,tscv_01,552,False,n_features=25,11.90181687330069
Brent Oil,tscv_01,552,False,n_features=30,12.217245588235619
Brent Oil,tscv_01,552,False,n_features=40,12.1737031749899
Brent Oil,tscv_01,552,False,n_features=55,12.67533436343638
Brent Oil,tscv_02,556,True,Spread_Crack,16.821107973031797
Brent Oil,tscv_02,556,True,Ratio_Gold_Oil,0.9052615353611029
Brent Oil,tscv_02,556,True,Com_Gasoline,0.4823571975148958
Brent Oil,tscv_02,556,True,EX_USD_KRW,0.3601515059271993
Brent Oil,tscv_02,556,True,Com_Gasoline_ma12r,0.28091478984288365
Brent Oil,tscv_02,556,True,Com_Coal,0.26713156968393426
Brent Oil,tscv_02,556,True,Idx_SnPVIX,0.23195557891410468
Brent Oil,tscv_02,556,True,Com_PalmOil,0.20818952910567448
Brent Oil,tscv_02,556,True,Bonds_US_3M_ret,0.19823698106076854
Brent Oil,tscv_02,556,True,Spread_10Y_2Y,0.18207261875313643
Brent Oil,tscv_02,556,False,n_features=10,9.299264204238282
Brent Oil,tscv_02,556,False,n_features=15,10.203034159984263
Brent Oil,tscv_02,556,False,n_features=20,10.10005007531182
Brent Oil,tscv_02,556,False,n_features=25,9.97696235022794
Brent Oil,tscv_02,556,False,n_features=30,11.221200571834302
Brent Oil,tscv_02,556,False,n_features=40,10.77888744300206
Brent Oil,tscv_02,556,False,n_features=55,10.961572491587104
Brent Oil,tscv_03,560,True,Spread_Crack,16.915724889518817
Brent Oil,tscv_03,560,True,Ratio_Gold_Oil,0.7235347747575253
Brent Oil,tscv_03,560,True,EX_USD_KRW,0.6368643183402484
Brent Oil,tscv_03,560,True,Com_Gasoline,0.580265354161986
Brent Oil,tscv_03,560,True,Com_Gasoline_ma12r,0.35968836673622295
Brent Oil,tscv_03,560,True,Com_Coal,0.25876345891440883
Brent Oil,tscv_03,560,True,Idx_DxyUSD,0.22505154536569077
Brent Oil,tscv_03,560,True,Spread_10Y_2Y,0.2196306653128076
Brent Oil,tscv_03,560,True,Idx_SnPVIX,0.20501895978451642
Brent Oil,tscv_03,560,True,Com_PalmOil,0.203819530202915
Brent Oil,tscv_03,560,True,Idx_SnP500_ret,0.1829925024039506
Brent Oil,tscv_03,560,True,Idx_SnP500,0.1644994753554238
Brent Oil,tscv_03,560,True,Bonds_US_3M_ret,0.15806299359876286
Brent Oil,tscv_03,560,True,Bonds_US_10Y,0.15202949009111014
Brent Oil,tscv_03,560,True,Com_NaturalGas,0.12868784099507846
Brent Oil,tscv_03,560,False,n_features=10,9.661559414174937
Brent Oil,tscv_03,560,False,n_features=15,9.024764176416344
Brent Oil,tscv_03,560,False,n_features=20,9.214191769228233
Brent Oil,tscv_03,560,False,n_features=25,9.15250771649606
Brent Oil,tscv_03,560,False,n_features=30,9.848499611715269
Brent Oil,tscv_03,560,False,n_features=40,9.991762835411278
Brent Oil,tscv_03,560,False,n_features=55,10.209176108912654
Brent Oil,tscv_04,564,True,Spread_Crack,16.833085591632106
Brent Oil,tscv_04,564,True,EX_USD_KRW,0.7382800859463681
Brent Oil,tscv_04,564,True,Ratio_Gold_Oil,0.616308737773322
Brent Oil,tscv_04,564,True,Com_Gasoline,0.5474245427456839
Brent Oil,tscv_04,564,True,Com_Coal,0.35500534834224495
Brent Oil,tscv_04,564,True,Com_Gasoline_ma12r,0.3488745835024789
Brent Oil,tscv_04,564,True,Idx_DxyUSD,0.28221532577718866
Brent Oil,tscv_04,564,True,Idx_SnPVIX,0.23082805623339403
Brent Oil,tscv_04,564,True,Com_PalmOil,0.219124404369722
Brent Oil,tscv_04,564,True,Bonds_US_3M_ret,0.21335820541397812
Brent Oil,tscv_04,564,True,Com_NaturalGas,0.18358103008536739
Brent Oil,tscv_04,564,True,Bonds_US_10Y,0.16893779339272869
Brent Oil,tscv_04,564,True,Idx_SnP500_ret,0.14895595490646002
Brent Oil,tscv_04,564,True,Idx_CSI300,0.14316323181337307
Brent Oil,tscv_04,564,True,EX_USD_JPY,0.14203503562984288
Brent Oil,tscv_04,564,False,n_features=10,9.802660494353788
Brent Oil,tscv_04,564,False,n_features=15,9.41323068142959
Brent Oil,tscv_04,564,False,n_features=20,9.816994574167095
Brent Oil,tscv_04,564,False,n_features=25,10.052023167266153
Brent Oil,tscv_04,564,False,n_features=30,10.807945669438164
Brent Oil,tscv_04,564,False,n_features=40,10.830769776283168
Brent Oil,tscv_04,564,False,n_features=55,11.324604144357966
Brent Oil,tscv_05,568,True,Spread_Crack,16.9411072772598
Brent Oil,tscv_05,568,True,EX_USD_KRW,0.7564597199621742
Brent Oil,tscv_05,568,True,Ratio_Gold_Oil,0.6255612103255929
Brent Oil,tscv_05,568,True,Com_Gasoline,0.49773643202494533
Brent Oil,tscv_05,568,True,Com_Gasoline_ma12r,0.35666435558174436
Brent Oil,tscv_05,568,True,Com_Coal,0.28138373503553854
Brent Oil,tscv_05,568,True,Idx_SnPVIX,0.2071634556995545
Brent Oil,tscv_05,568,True,Com_PalmOil,0.19863986704335
Brent Oil,tscv_05,568,True,Bonds_US_3M_ret,0.1975043595985196
Brent Oil,tscv_05,568,True,Bonds_US_10Y,0.18287376100298974
Brent Oil,tscv_05,568,True,Idx_SnP500_ret,0.15672029275527863
Brent Oil,tscv_05,568,True,Bonds_US_2Y,0.15074580222204423
Brent Oil,tscv_05,568,True,EX_USD_CNY,0.14802058550686364
Brent Oil,tscv_05,568,True,EX_USD_JPY,0.14268966506830333
Brent Oil,tscv_05,568,True,Idx_SnP500,0.14026441421099467
Brent Oil,tscv_05,568,True,Com_Gasoline_ret,0.13770748205626362
Brent Oil,tscv_05,568,True,Spread_10Y_2Y,0.12331065203394466
Brent Oil,tscv_05,568,True,Com_NaturalGas,0.11748794014837667
Brent Oil,tscv_05,568,True,Idx_DxyUSD_ma12r,0.11533574053430572
Brent Oil,tscv_05,568,True,Idx_CSI300,0.1153338366150134
Brent Oil,tscv_05,568,False,n_features=10,8.665532658462709
Brent Oil,tscv_05,568,False,n_features=15,8.469874631318415
Brent Oil,tscv_05,568,False,n_features=20,8.399108760155048
Brent Oil,tscv_05,568,False,n_features=25,8.574987654785943
Brent Oil,tscv_05,568,False,n_features=30,9.964731477980877
Brent Oil,tscv_05,568,False,n_features=40,10.063689250850711
Brent Oil,tscv_05,568,False,n_features=55,10.291001707730059
Brent Oil,tscv_06,572,True,Spread_Crack,16.87225192595316
Brent Oil,tscv_06,572,True,EX_USD_KRW,0.7795552309550298
Brent Oil,tscv_06,572,True,Ratio_Gold_Oil,0.6514026777249563
Brent Oil,tscv_06,572,True,Com_Gasoline,0.5139769323087453
Brent Oil,tscv_06,572,True,Com_Gasoline_ma12r,0.3566038529699732
Brent Oil,tscv_06,572,True,Com_Coal,0.2881332042637005
Brent Oil,tscv_06,572,True,Idx_SnPVIX,0.21365422184567232
Brent Oil,tscv_06,572,True,Bonds_US_3M_ret,0.19815192363339884
Brent Oil,tscv_06,572,True,Idx_SnP500_ret,0.18150196856501688
Brent Oil,tscv_06,572,True,Com_PalmOil,0.17902883667393724
Brent Oil,tscv_06,572,True,EX_USD_CNY,0.15762689070442937
Brent Oil,tscv_06,572,True,Spread_10Y_2Y,0.14872573144007945
Brent Oil,tscv_06,572,True,Com_Soybeans,0.13980590980540192
Brent Oil,tscv_06,572,True,Idx_SnP500,0.1354198335059944
Brent Oil,tscv_06,572,True,Idx_CSI300,0.1318854628317208
Brent Oil,tscv_06,572,False,n_features=10,9.1899995609743
Brent Oil,tscv_06,572,False,n_features=15,8.97195969638219
Brent Oil,tscv_06,572,False,n_features=20,9.488094013110993
Brent Oil,tscv_06,572,False,n_features=25,11.31169962678739
Brent Oil,tscv_06,572,False,n_features=30,11.003046232222701
Brent Oil,tscv_06,572,False,n_features=40,11.494320860244226
Brent Oil,tscv_06,572,False,n_features=55,11.637557589716234
Brent Oil,tscv_07,576,True,Spread_Crack,16.926494448579085
Brent Oil,tscv_07,576,True,EX_USD_KRW,0.753291444050451
Brent Oil,tscv_07,576,True,Ratio_Gold_Oil,0.5402189043510687
Brent Oil,tscv_07,576,True,Com_Gasoline,0.47305237766195063
Brent Oil,tscv_07,576,True,Com_Gasoline_ma12r,0.3423602931435431
Brent Oil,tscv_07,576,True,Com_Coal,0.2979860884028406
Brent Oil,tscv_07,576,True,Idx_DxyUSD,0.21610308084370183
Brent Oil,tscv_07,576,True,Idx_SnPVIX,0.20484515500845954
Brent Oil,tscv_07,576,True,Com_PalmOil,0.19856035665126612
Brent Oil,tscv_07,576,True,Bonds_US_10Y,0.19558947159353715
Brent Oil,tscv_07,576,True,Bonds_US_3M_ret,0.18344842052506208
Brent Oil,tscv_07,576,True,Com_NaturalGas,0.1749483564948769
Brent Oil,tscv_07,576,True,Spread_10Y_2Y,0.1543599864298899
Brent Oil,tscv_07,576,True,Bonds_US_2Y,0.15393610483552214
Brent Oil,tscv_07,576,True,Idx_SnP500_ret,0.1495768163970196
Brent Oil,tscv_07,576,True,Idx_SnP500,0.14102067368788307
Brent Oil,tscv_07,576,True,Idx_CSI300,0.1250878067775133
Brent Oil,tscv_07,576,True,EX_USD_CNY,0.12468222184529146
Brent Oil,tscv_07,576,True,Com_Soybeans,0.11757481559262908
Brent Oil,tscv_07,576,True,EX_USD_JPY,0.1078603893801921
Brent Oil,tscv_07,576,False,n_features=10,9.965683828412836
Brent Oil,tscv_07,576,False,n_features=15,9.09995332586529
Brent Oil,tscv_07,576,False,n_features=20,8.94144268103681
Brent Oil,tscv_07,576,False,n_features=25,9.061821112735252
Brent Oil,tscv_07,576,False,n_features=30,10.725843240473537
Brent Oil,tscv_07,576,False,n_features=40,11.100067095037371
Brent Oil,tscv_07,576,False,n_features=55,11.129618448426942
Brent Oil,tscv_08,580,True,Spread_Crack,16.95445409787101
Brent Oil,tscv_08,580,True,EX_USD_KRW,0.7501212692503411
Brent Oil,tscv_08,580,True,Ratio_Gold_Oil,0.5664717572751765
Brent Oil,tscv_08,580,True,Com_Gasoline,0.5507419591004558
Brent Oil,tscv_08,580,True,Com_Gasoline_ma12r,0.3404039423149208
Brent Oil,tscv_08,580,True,Idx_SnPVIX,0.22128422086624128
Brent Oil,tscv_08,580,True,Com_Coal,0.2181171372314812
Brent Oil,tscv_08,580,True,Com_PalmOil,0.21491765374786187
Brent Oil,tscv_08,580,True,Bonds_US_3M_ret,0.17940749852164448
Brent Oil,tscv_08,580,True,Spread_10Y_2Y,0.16480708983686987
Brent Oil,tscv_08,580,False,n_features=10,8.456082832181375
Brent Oil,tscv_08,580,False,n_features=15,9.248585928624857
Brent Oil,tscv_08,580,False,n_features=20,9.448171365559292
Brent Oil,tscv_08,580,False,n_features=25,9.402459327372396
Brent Oil,tscv_08,580,False,n_features=30,9.403277354608651
Brent Oil,tscv_08,580,False,n_features=40,10.110029967330638
Brent Oil,tscv_08,580,False,n_features=55,10.418647562306507
Brent Oil,tscv_09,584,True,Spread_Crack,16.978268245511835
Brent Oil,tscv_09,584,True,EX_USD_KRW,0.7656898170057671
Brent Oil,tscv_09,584,True,Ratio_Gold_Oil,0.5820991682987661
Brent Oil,tscv_09,584,True,Com_Gasoline,0.47507475058399073
Brent Oil,tscv_09,584,True,Com_Gasoline_ma12r,0.3836388186213083
Brent Oil,tscv_09,584,True,Com_Coal,0.21391926312729356
Brent Oil,tscv_09,584,True,Com_PalmOil,0.20552854334915724
Brent Oil,tscv_09,584,True,Idx_SnPVIX,0.17532229477121425
Brent Oil,tscv_09,584,True,Idx_SnP500_ret,0.17225542340956135
Brent Oil,tscv_09,584,True,EX_USD_CNY,0.16357566475107696
Brent Oil,tscv_09,584,False,n_features=10,7.9888813528550955
Brent Oil,tscv_09,584,False,n_features=15,9.27916085146501
Brent Oil,tscv_09,584,False,n_features=20,9.328526343464313
Brent Oil,tscv_09,584,False,n_features=25,9.067307592123257
Brent Oil,tscv_09,584,False,n_features=30,9.70652633292696
Brent Oil,tscv_09,584,False,n_features=40,9.810039823570603
Brent Oil,tscv_09,584,False,n_features=55,10.386031246570434
Brent Oil,tscv_10,588,True,Spread_Crack,16.93760576704661
Brent Oil,tscv_10,588,True,EX_USD_KRW,0.7484856230540738
Brent Oil,tscv_10,588,True,Ratio_Gold_Oil,0.4727224969411701
Brent Oil,tscv_10,588,True,Com_Gasoline,0.4488379438669208
Brent Oil,tscv_10,588,True,Com_Gasoline_ma12r,0.3476995160891854
Brent Oil,tscv_10,588,True,Com_Coal,0.2703593349094366
Brent Oil,tscv_10,588,True,Idx_DxyUSD,0.25531571385775
Brent Oil,tscv_10,588,True,Idx_SnPVIX,0.2158410870674852
Brent Oil,tscv_10,588,True,Com_PalmOil,0.21010268881898383
Brent Oil,tscv_10,588,True,Bonds_US_3M_ret,0.2058207158038356
Brent Oil,tscv_10,588,True,Bonds_US_10Y,0.19999189321806696
Brent Oil,tscv_10,588,True,EX_USD_CNY,0.1809303429444968
Brent Oil,tscv_10,588,True,Com_NaturalGas,0.16286324734614857
Brent Oil,tscv_10,588,True,Spread_10Y_2Y,0.15752828110052167
Brent Oil,tscv_10,588,True,Idx_SnP500_ret,0.15201068713557211
Brent Oil,tscv_10,588,False,n_features=10,9.265565632904131
Brent Oil,tscv_10,588,False,n_features=15,8.787555628247564
Brent Oil,tscv_10,588,False,n_features=20,9.316397690038789
Brent Oil,tscv_10,588,False,n_features=25,9.342750608133333
Brent Oil,tscv_10,588,False,n_features=30,9.507083743428874
Brent Oil,tscv_10,588,False,n_features=40,10.624426026038133
Brent Oil,tscv_10,588,False,n_features=55,11.020716367192232
Brent Oil,tscv_11,592,True,Spread_Crack,16.94562111710757
Brent Oil,tscv_11,592,True,EX_USD_KRW,0.7763586712215339
Brent Oil,tscv_11,592,True,Ratio_Gold_Oil,0.5188592044661503
Brent Oil,tscv_11,592,True,Com_Gasoline,0.4924894887390956
Brent Oil,tscv_11,592,True,Com_Gasoline_ma12r,0.3287606561545904
Brent Oil,tscv_11,592,True,Com_Coal,0.21674010778948774
Brent Oil,tscv_11,592,True,Com_PalmOil,0.2125822109625154
Brent Oil,tscv_11,592,True,Bonds_US_3M_ret,0.20698683697624962
Brent Oil,tscv_11,592,True,Idx_SnPVIX,0.1867237019784527
Brent Oil,tscv_11,592,True,Spread_10Y_2Y,0.17314950997971656
Brent Oil,tscv_11,592,False,n_features=10,8.116543153066095
Brent Oil,tscv_11,592,False,n_features=15,8.825336132040864
Brent Oil,tscv_11,592,False,n_features=20,9.539992430313143
Brent Oil,tscv_11,592,False,n_features=25,9.610202384904925
Brent Oil,tscv_11,592,False,n_features=30,9.626509064172579
Brent Oil,tscv_11,592,False,n_features=40,9.855275599500246
Brent Oil,tscv_11,592,False,n_features=55,10.442061377618485
Brent Oil,tscv_12,596,True,Spread_Crack,16.844014208820692
Brent Oil,tscv_12,596,True,EX_USD_KRW,0.7594398455524353
Brent Oil,tscv_12,596,True,Com_Gasoline,0.5808673635980275
Brent Oil,tscv_12,596,True,Ratio_Gold_Oil,0.5507771487594082
Brent Oil,tscv_12,596,True,Com_Gasoline_ma12r,0.33350802624094794
Brent Oil,tscv_12,596,True,Com_PalmOil,0.20137497705102897
Brent Oil,tscv_12,596,True,Bonds_US_3M_ret,0.2009148173886786
Brent Oil,tscv_12,596,True,Com_Coal,0.1977177309658917
Brent Oil,tscv_12,596,True,Idx_SnPVIX,0.19203593471805683
Brent Oil,tscv_12,596,True,Idx_SnP500_ret,0.1649042227919018
Brent Oil,tscv_12,596,False,n_features=10,8.483361540889286
Brent Oil,tscv_12,596,False,n_features=15,9.557895725264178
Brent Oil,tscv_12,596,False,n_features=20,9.235820699988981
Brent Oil,tscv_12,596,False,n_features=25,9.317900694121821
Brent Oil,tscv_12,596,False,n_features=30,9.985722040549105
Brent Oil,tscv_12,596,False,n_features=40,9.81897409387466
Brent Oil,tscv_12,596,False,n_features=55,10.214907661268093
Brent Oil,tscv_13,600,True,Spread_Crack,16.676760020118444
Brent Oil,tscv_13,600,True,EX_USD_KRW,0.7260571543643016
Brent Oil,tscv_13,600,True,Com_Gasoline,0.5901883713707041
Brent Oil,tscv_13,600,True,Ratio_Gold_Oil,0.5244617311529428
Brent Oil,tscv_13,600,True,Com_Gasoline_ma12r,0.31956391213931645
Brent Oil,tscv_13,600,True,Idx_SnPVIX,0.2204305616442935
Brent Oil,tscv_13,600,True,Com_Coal,0.2199871253334187
Brent Oil,tscv_13,600,True,Com_PalmOil,0.19874429740354277
Brent Oil,tscv_13,600,True,Bonds_US_3M_ret,0.19222608951020972
Brent Oil,tscv_13,600,True,Bonds_US_10Y,0.1696414263605102
Brent Oil,tscv_13,600,True,Spread_10Y_2Y,0.1665596657691211
Brent Oil,tscv_13,600,True,Idx_DxyUSD,0.16329237469369584
Brent Oil,tscv_13,600,True,EX_USD_CNY,0.15609968900459842
Brent Oil,tscv_13,600,True,Com_NaturalGas,0.1466818447169292
Brent Oil,tscv_13,600,True,Idx_SnP500_ret,0.14576592361047847
Brent Oil,tscv_13,600,False,n_features=10,8.752449553651614
Brent Oil,tscv_13,600,False,n_features=15,8.6829591417368
Brent Oil,tscv_13,600,False,n_features=20,9.627216534939055
Brent Oil,tscv_13,600,False,n_features=25,9.60144955748364
Brent Oil,tscv_13,600,False,n_features=30,10.401077299766106
Brent Oil,tscv_13,600,False,n_features=40,10.231584692382572
Brent Oil,tscv_13,600,False,n_features=55,10.43090717184959
Brent Oil,tscv_14,604,True,Spread_Crack,16.735576790682334
Brent Oil,tscv_14,604,True,EX_USD_KRW,0.7632778895435437
Brent Oil,tscv_14,604,True,Ratio_Gold_Oil,0.5075754607217428
Brent Oil,tscv_14,604,True,Com_Gasoline,0.43337135490971335
Brent Oil,tscv_14,604,True,Com_Gasoline_ma12r,0.33395156499069467
Brent Oil,tscv_14,604,True,Com_Coal,0.23034570839365573
Brent Oil,tscv_14,604,True,Idx_SnPVIX,0.21139701004698933
Brent Oil,tscv_14,604,True,Bonds_US_3M_ret,0.20215323318907152
Brent Oil,tscv_14,604,True,Com_PalmOil,0.18321689404638944
Brent Oil,tscv_14,604,True,Bonds_US_10Y,0.1778136798681292
Brent Oil,tscv_14,604,False,n_features=10,8.274762176857283
Brent Oil,tscv_14,604,False,n_features=15,8.772390554066641
Brent Oil,tscv_14,604,False,n_features=20,9.631645018734778
Brent Oil,tscv_14,604,False,n_features=25,10.040556246115962
Brent Oil,tscv_14,604,False,n_features=30,9.687076213568975
Brent Oil,tscv_14,604,False,n_features=40,9.975858851140924
Brent Oil,tscv_14,604,False,n_features=55,10.305546269956546
Brent Oil,tscv_15,608,True,Spread_Crack,16.478617398526954
Brent Oil,tscv_15,608,True,EX_USD_KRW,0.7515837838229653
Brent Oil,tscv_15,608,True,Com_Gasoline,0.6901548225083395
Brent Oil,tscv_15,608,True,Ratio_Gold_Oil,0.47538423516543316
Brent Oil,tscv_15,608,True,Com_Gasoline_ma12r,0.3082496784902023
Brent Oil,tscv_15,608,True,Com_Coal,0.19970070280143706
Brent Oil,tscv_15,608,True,Com_PalmOil,0.19771601994229918
Brent Oil,tscv_15,608,True,Idx_SnPVIX,0.19645325108733055
Brent Oil,tscv_15,608,True,Bonds_US_3M_ret,0.1662454302101033
Brent Oil,tscv_15,608,True,Spread_10Y_2Y,0.16078778720887668
Brent Oil,tscv_15,608,False,n_features=10,8.157357308439982
Brent Oil,tscv_15,608,False,n_features=15,8.920767577657989
Brent Oil,tscv_15,608,False,n_features=20,9.14720643019773
Brent Oil,tscv_15,608,False,n_features=25,9.260973249700667
Brent Oil,tscv_15,608,False,n_features=30,9.338471568114029
Brent Oil,tscv_15,608,False,n_features=40,9.367811898715555
Brent Oil,tscv_15,608,False,n_features=55,9.764102825640151
Brent Oil,tscv_16,612,True,Spread_Crack,16.39759447571542
Brent Oil,tscv_16,612,True,EX_USD_KRW,0.7499314458618332
Brent Oil,tscv_16,612,True,Com_Gasoline,0.5825724226267602
Brent Oil,tscv_16,612,True,Ratio_Gold_Oil,0.4568703257705671
Brent Oil,tscv_16,612,True,Com_Gasoline_ma12r,0.29316115191917325
Brent Oil,tscv_16,612,True,Com_Coal,0.224044098074771
Brent Oil,tscv_16,612,True,Bonds_US_3M_ret,0.22321848145415166
Brent Oil,tscv_16,612,True,Idx_SnPVIX,0.21250455966505868
Brent Oil,tscv_16,612,True,Bonds_US_10Y,0.21068133460794203
Brent Oil,tscv_16,612,True,Com_PalmOil,0.1987247377339656
Brent Oil,tscv_16,612,False,n_features=10,8.033399045615473
Brent Oil,tscv_16,612,False,n_features=15,8.98198759064589
Brent Oil,tscv_16,612,False,n_features=20,9.092748623021045
Brent Oil,tscv_16,612,False,n_features=25,9.660781084271322
Brent Oil,tscv_16,612,False,n_features=30,9.409307500412945
Brent Oil,tscv_16,612,False,n_features=40,9.57335678122243
Brent Oil,tscv_16,612,False,n_features=55,9.756982733959848
Brent Oil,tscv_17,616,True,Spread_Crack,16.311724181729872
Brent Oil,tscv_17,616,True,EX_USD_KRW,0.7373522733599045
Brent Oil,tscv_17,616,True,Com_Gasoline,0.6301816545660808
Brent Oil,tscv_17,616,True,Ratio_Gold_Oil,0.5282535516830044
Brent Oil,tscv_17,616,True,Com_Gasoline_ma12r,0.30060110668772305
Brent Oil,tscv_17,616,True,Idx_SnPVIX,0.21277905553251167
Brent Oil,tscv_17,616,True,Bonds_US_10Y,0.21224498780265605
Brent Oil,tscv_17,616,True,Com_Coal,0.19208958594648665
Brent Oil,tscv_17,616,True,Bonds_US_3M_ret,0.19012041812816421
Brent Oil,tscv_17,616,True,Com_PalmOil,0.17621180849934986
Brent Oil,tscv_17,616,False,n_features=10,7.838381510627345
Brent Oil,tscv_17,616,False,n_features=15,8.754192192762291
Brent Oil,tscv_17,616,False,n_features=20,10.142140932834291
Brent Oil,tscv_17,616,False,n_features=25,10.28823872329561
Brent Oil,tscv_17,616,False,n_features=30,10.564768491308854
Brent Oil,tscv_17,616,False,n_features=40,10.67362930797566
Brent Oil,tscv_17,616,False,n_features=55,10.771907093643435
Brent Oil,tscv_18,620,True,Spread_Crack,16.307007787187594
Brent Oil,tscv_18,620,True,EX_USD_KRW,0.7239522832766233
Brent Oil,tscv_18,620,True,Com_Gasoline,0.6386273933726524
Brent Oil,tscv_18,620,True,Ratio_Gold_Oil,0.4711627364077392
Brent Oil,tscv_18,620,True,Com_Gasoline_ma12r,0.317381484449862
Brent Oil,tscv_18,620,True,Idx_SnPVIX,0.21038442255296372
Brent Oil,tscv_18,620,True,Com_PalmOil,0.18850022667058586
Brent Oil,tscv_18,620,True,Com_Coal,0.18702658953428442
Brent Oil,tscv_18,620,True,Bonds_US_3M_ret,0.17928194559637542
Brent Oil,tscv_18,620,True,Bonds_US_10Y,0.16126105718288566
Brent Oil,tscv_18,620,False,n_features=10,7.6510465081298005
Brent Oil,tscv_18,620,False,n_features=15,8.718461119632474
Brent Oil,tscv_18,620,False,n_features=20,8.627876498036615
Brent Oil,tscv_18,620,False,n_features=25,10.486116888720776
Brent Oil,tscv_18,620,False,n_features=30,10.856263832376053
Brent Oil,tscv_18,620,False,n_features=40,10.604694247784929
Brent Oil,tscv_18,620,False,n_features=55,10.640608368482841
Brent Oil,tscv_19,624,True,Spread_Crack,16.148340818175544
Brent Oil,tscv_19,624,True,EX_USD_KRW,0.7672573675273705
Brent Oil,tscv_19,624,True,Com_Gasoline,0.5883004622004053
Brent Oil,tscv_19,624,True,Ratio_Gold_Oil,0.4613383919384526
Brent Oil,tscv_19,624,True,Com_Gasoline_ma12r,0.2535215034762448
Brent Oil,tscv_19,624,True,Com_Coal,0.2191816550586348
Brent Oil,tscv_19,624,True,Bonds_US_3M_ret,0.21395912610132437
Brent Oil,tscv_19,624,True,Idx_SnPVIX,0.2081520957806375
Brent Oil,tscv_19,624,True,Bonds_US_10Y,0.20563136511135346
Brent Oil,tscv_19,624,True,Com_PalmOil,0.1984852343168153
Brent Oil,tscv_19,624,False,n_features=10,7.933554533625899
Brent Oil,tscv_19,624,False,n_features=15,8.015583395418583
Brent Oil,tscv_19,624,False,n_features=20,8.5656566793765
Brent Oil,tscv_19,624,False,n_features=25,8.650581580067161
Brent Oil,tscv_19,624,False,n_features=30,9.023935081283053
Brent Oil,tscv_19,624,False,n_features=40,9.39355458018229
Brent Oil,tscv_19,624,False,n_features=55,9.589405216486314
Brent Oil,tscv_20,628,True,Spread_Crack,16.164605235471782
Brent Oil,tscv_20,628,True,EX_USD_KRW,0.7431898082460203
Brent Oil,tscv_20,628,True,Ratio_Gold_Oil,0.5563734481795223
Brent Oil,tscv_20,628,True,Com_Gasoline,0.41579909921815106
Brent Oil,tscv_20,628,True,Com_Gasoline_ma12r,0.2949661342140854
Brent Oil,tscv_20,628,True,Com_Coal,0.2422163262461773
Brent Oil,tscv_20,628,True,Idx_SnPVIX,0.2272895689586269
Brent Oil,tscv_20,628,True,Bonds_US_10Y,0.22073015139907065
Brent Oil,tscv_20,628,True,Bonds_US_3M_ret,0.18056065420940576
Brent Oil,tscv_20,628,True,Com_PalmOil,0.17366042052712155
Brent Oil,tscv_20,628,False,n_features=10,7.147514046145479
Brent Oil,tscv_20,628,False,n_features=15,7.610972640363573
Brent Oil,tscv_20,628,False,n_features=20,9.539930418349373
Brent Oil,tscv_20,628,False,n_features=25,9.607882458058716
Brent Oil,tscv_20,628,False,n_features=30,9.69891692140752
Brent Oil,tscv_20,628,False,n_features=40,10.293198983791514
Brent Oil,tscv_20,628,False,n_features=55,9.895926277701207
Brent Oil,tscv_21,632,True,Spread_Crack,15.994230193494198
Brent Oil,tscv_21,632,True,EX_USD_KRW,0.7158781331947155
Brent Oil,tscv_21,632,True,Com_Gasoline,0.582077469133089
Brent Oil,tscv_21,632,True,Ratio_Gold_Oil,0.4941785894458841
Brent Oil,tscv_21,632,True,Com_Gasoline_ma12r,0.329408049957012
Brent Oil,tscv_21,632,True,Com_Coal,0.26395054433171156
Brent Oil,tscv_21,632,True,Idx_SnPVIX,0.20644809937407474
Brent Oil,tscv_21,632,True,Com_PalmOil,0.20432734780149284
Brent Oil,tscv_21,632,True,Bonds_US_3M_ret,0.18999365282205888
Brent Oil,tscv_21,632,True,Bonds_US_10Y,0.16809789448883528
Brent Oil,tscv_21,632,False,n_features=10,7.6197671599641
Brent Oil,tscv_21,632,False,n_features=15,9.980202709907323
Brent Oil,tscv_21,632,False,n_features=20,10.259902106799816
Brent Oil,tscv_21,632,False,n_features=25,10.472329534483016
Brent Oil,tscv_21,632,False,n_features=30,10.414069163839715
Brent Oil,tscv_21,632,False,n_features=40,10.678571457890078
Brent Oil,tscv_21,632,False,n_features=55,10.484258272213534
Brent Oil,tscv_22,636,True,Spread_Crack,16.018911321555564
Brent Oil,tscv_22,636,True,EX_USD_KRW,0.7489818681713734
Brent Oil,tscv_22,636,True,Com_Gasoline,0.4747063555834493
Brent Oil,tscv_22,636,True,Ratio_Gold_Oil,0.4642165311687173
Brent Oil,tscv_22,636,True,Com_Coal,0.2678568671328508
Brent Oil,tscv_22,636,True,Com_Gasoline_ma12r,0.2563782275003922
Brent Oil,tscv_22,636,True,Idx_SnPVIX,0.21105950145922756
Brent Oil,tscv_22,636,True,Bonds_US_10Y,0.18256208984552577
Brent Oil,tscv_22,636,True,Com_PalmOil,0.17834845842241173
Brent Oil,tscv_22,636,True,Bonds_US_3M_ret,0.17296134341056732
Brent Oil,tscv_22,636,False,n_features=10,7.909338435715877
Brent Oil,tscv_22,636,False,n_features=15,8.03366160732173
Brent Oil,tscv_22,636,False,n_features=20,8.560996550140384
Brent Oil,tscv_22,636,False,n_features=25,8.706798034760148
Brent Oil,tscv_22,636,False,n_features=30,8.800862156887616
Brent Oil,tscv_22,636,False,n_features=40,8.910254328953071
Brent Oil,tscv_22,636,False,n_features=55,8.946876555342849
Brent Oil,tscv_23,640,True,Spread_Crack,15.875601898166583
Brent Oil,tscv_23,640,True,EX_USD_KRW,0.7342666061106551
Brent Oil,tscv_23,640,True,Ratio_Gold_Oil,0.5295128284120324
Brent Oil,tscv_23,640,True,Com_Gasoline,0.4902728093065309
Brent Oil,tscv_23,640,True,Com_Coal,0.270576557348851
Brent Oil,tscv_23,640,True,Com_Gasoline_ma12r,0.2530875886415239
Brent Oil,tscv_23,640,True,Idx_SnPVIX,0.21495536723866254
Brent Oil,tscv_23,640,True,Com_PalmOil,0.18421466676953563
Brent Oil,tscv_23,640,True,Bonds_US_3M_ret,0.1728952595204473
Brent Oil,tscv_23,640,True,Bonds_US_10Y,0.17246581810557088
Brent Oil,tscv_23,640,False,n_features=10,7.51478887526914
Brent Oil,tscv_23,640,False,n_features=15,8.033414655021687
Brent Oil,tscv_23,640,False,n_features=20,9.671780883472554
Brent Oil,tscv_23,640,False,n_features=25,10.013830832959123
Brent Oil,tscv_23,640,False,n_features=30,10.088313622436667
Brent Oil,tscv_23,640,False,n_features=40,10.281394256072446
Brent Oil,tscv_23,640,False,n_features=55,10.32268514070945
Brent Oil,tscv_24,644,True,Spread_Crack,15.717703842359914
Brent Oil,tscv_24,644,True,EX_USD_KRW,0.7137926251966233
Brent Oil,tscv_24,644,True,Com_Gasoline,0.5784177573712571
Brent Oil,tscv_24,644,True,Ratio_Gold_Oil,0.5243278136916122
Brent Oil,tscv_24,644,True,Com_Gasoline_ma12r,0.24477194522069343
Brent Oil,tscv_24,644,True,Com_Coal,0.24095802161046576
Brent Oil,tscv_24,644,True,Idx_SnPVIX,0.19135848485465462
Brent Oil,tscv_24,644,True,Com_PalmOil,0.18534618799116773
Brent Oil,tscv_24,644,True,Bonds_US_10Y,0.1632570771410941
Brent Oil,tscv_24,644,True,Bonds_US_3M_ret,0.15831672990103865
Brent Oil,tscv_24,644,False,n_features=10,7.456399548142251
Brent Oil,tscv_24,644,False,n_features=15,7.66193668313132
Brent Oil,tscv_24,644,False,n_features=20,8.127443520955202
Brent Oil,tscv_24,644,False,n_features=25,10.041478040326899
Brent Oil,tscv_24,644,False,n_features=30,10.062549670694224
Brent Oil,tscv_24,644,False,n_features=40,10.316141308312575
Brent Oil,tscv_24,644,False,n_features=55,10.236206300966096
Brent Oil,holdout,656,True,Spread_Crack,15.593036011722482
Brent Oil,holdout,656,True,EX_USD_KRW,0.7143863164266869
Brent Oil,holdout,656,True,Com_Gasoline,0.5218460997341162
Brent Oil,holdout,656,True,Ratio_Gold_Oil,0.5174394893915477
Brent Oil,holdout,656,True,Com_Gasoline_ma12r,0.24023016969404967
Brent Oil,holdout,656,True,Com_Coal,0.2270774438493009
Brent Oil,holdout,656,True,Idx_SnPVIX,0.21823176331082653
Brent Oil,holdout,656,True,Com_PalmOil,0.17425736910707718
Brent Oil,holdout,656,True,Idx_SnP500,0.16119940203427272
Brent Oil,holdout,656,True,Com_Gasoline_ret,0.15394975960502613
Brent Oil,holdout,656,False,n_features=10,7.478766863821138
Brent Oil,holdout,656,False,n_features=15,7.799206372058578
Brent Oil,holdout,656,False,n_features=20,8.128593955363227
Brent Oil,holdout,656,False,n_features=25,10.202588844427272
Brent Oil,holdout,656,False,n_features=30,10.281782573501452
Brent Oil,holdout,656,False,n_features=40,10.05424064847243
Brent Oil,holdout,656,False,n_features=55,10.062375559411269
