target,window,model,base_model,residual_model,RMSE,MAE,MAPE,NRMSE
Brent Oil,holdout,PatchTST+XGB,PatchTST,XGB,3.210567608125223,2.9388175614129928,4.72761663043525,5.121033165274982
Brent Oil,holdout,PatchTST+LGBM,PatchTST,LGBM,3.369773902098541,2.9912023767560747,4.813688920945038,5.374976022449065
Brent Oil,holdout,PatchTST,PatchTST,-,6.196856876784947,6.0311065323602575,9.660357845678623,9.884329956536556
Brent Oil,holdout,PatchTST+NLinear,PatchTST,NLinear,6.559675229761204,6.344258845592679,10.163505295268155,10.463045325700458
Brent Oil,tscv_01,PatchTST+XGB,PatchTST,XGB,6.085332203648723,5.19425270589193,6.589157390176942,7.675896241652937
Brent Oil,tscv_01,PatchTST+LGBM,PatchTST,LGBM,8.328695740221502,7.910064338537624,10.005627923490778,10.505622731969332
Brent Oil,tscv_01,PatchTST,PatchTST,-,8.677747647344317,8.280942972819014,10.352913029013772,10.945908674028392
Brent Oil,tscv_01,PatchTST+NLinear,PatchTST,NLinear,12.190379931778835,11.966704742431645,15.07420390630124,15.376661186476785
Brent Oil,tscv_02,PatchTST+LGBM,PatchTST,LGBM,4.374384402630254,3.2884720059467405,4.2530786491653005,5.558988675706293
Brent Oil,tscv_02,PatchTST+XGB,PatchTST,XGB,4.645485170478185,3.8176507059733047,4.922646843603165,5.903504831519158
Brent Oil,tscv_02,PatchTST,PatchTST,-,5.911030451135646,4.786202789306638,6.165991305832283,7.511765842951587
Brent Oil,tscv_02,PatchTST+NLinear,PatchTST,NLinear,5.980858505018367,5.043185607910154,6.496032793920024,7.600503668677934
Brent Oil,tscv_03,PatchTST+LGBM,PatchTST,LGBM,5.214890621104002,4.863638494937916,6.062486982991714,6.5102482854840185
Brent Oil,tscv_03,PatchTST+XGB,PatchTST,XGB,6.252079103434631,5.930404861450197,7.364655488983872,7.8050701771438025
Brent Oil,tscv_03,PatchTST+NLinear,PatchTST,NLinear,9.415924646016721,9.308104395548504,11.602486935923313,11.754802111266478
Brent Oil,tscv_03,PatchTST,PatchTST,-,9.817114249109586,9.515609939575198,11.823961119704517,12.25564558344201
Brent Oil,tscv_04,PatchTST+LGBM,PatchTST,LGBM,11.199835668248557,10.772656462452545,12.806558333924512,13.426004717836355
Brent Oil,tscv_04,PatchTST+NLinear,PatchTST,NLinear,12.81403490609539,12.444860739407007,14.809613260370035,15.361055126147258
Brent Oil,tscv_04,PatchTST+XGB,PatchTST,XGB,13.483624021450392,12.774566931423609,15.136618762470585,16.1637371375677
Brent Oil,tscv_04,PatchTST,PatchTST,-,18.704180836117327,18.246302567816837,21.71060617010544,22.42197364206919
Brent Oil,tscv_05,PatchTST+LGBM,PatchTST,LGBM,8.735139643494596,8.240123410460312,9.55503217963682,10.238881041941497
Brent Oil,tscv_05,PatchTST+XGB,PatchTST,XGB,9.027705811562797,8.319408358696831,9.629447328153837,10.58181204407812
Brent Oil,tscv_05,PatchTST+NLinear,PatchTST,NLinear,20.452707994661754,20.270750623508025,23.682704164490595,23.973611492160344
Brent Oil,tscv_05,PatchTST,PatchTST,-,22.558118968222995,22.349289836052787,26.1064580683997,26.441465857687994
Brent Oil,tscv_06,PatchTST+NLinear,PatchTST,NLinear,6.230009376966163,5.08387208312988,6.104346337509219,7.310863333648456
Brent Oil,tscv_06,PatchTST,PatchTST,-,6.877718275839688,5.491370328911674,6.6111910234073274,8.07094425056647
Brent Oil,tscv_06,PatchTST+XGB,PatchTST,XGB,7.0342547648089955,5.90748513604058,7.0857947870843985,8.254638496969205
Brent Oil,tscv_06,PatchTST+LGBM,PatchTST,LGBM,8.188148039625533,6.410415424321506,7.737125100359922,9.608722499633714
Brent Oil,tscv_07,PatchTST+XGB,PatchTST,XGB,7.783625271295332,6.541719592963325,7.7912424740507715,9.246412019074082
Brent Oil,tscv_07,PatchTST+LGBM,PatchTST,LGBM,8.073637747074974,7.16159799920288,8.514831510764862,9.590926913903296
Brent Oil,tscv_07,PatchTST+NLinear,PatchTST,NLinear,8.74245492347808,8.255190687730577,9.79735733453038,10.385435765872696
Brent Oil,tscv_07,PatchTST,PatchTST,-,9.650042116019115,9.329125242784288,11.006323031065717,11.46358699142271
Brent Oil,tscv_08,PatchTST+LGBM,PatchTST,LGBM,3.6798605751373428,3.0070300392409357,3.6878245676798294,4.4350879412537605
Brent Oil,tscv_08,PatchTST+XGB,PatchTST,XGB,4.122419182732963,3.3672312925502226,4.140669022075747,4.968474004059179
Brent Oil,tscv_08,PatchTST+NLinear,PatchTST,NLinear,7.949668909188953,7.552844015938895,9.19472794891185,9.581200155874916
Brent Oil,tscv_08,PatchTST,PatchTST,-,9.732683267456586,9.442468929472424,11.471907320851487,11.730147192853334
Brent Oil,tscv_09,PatchTST,PatchTST,-,2.8308032368082237,2.5580751432001017,3.152731255323519,3.4534220459519935
Brent Oil,tscv_09,PatchTST+XGB,PatchTST,XGB,3.4148978009511057,2.985372898123605,3.637141300974047,4.165984833256875
Brent Oil,tscv_09,PatchTST+NLinear,PatchTST,NLinear,4.429636828324788,3.635814267171225,4.330279624920052,5.403909844241155
Brent Oil,tscv_09,PatchTST+LGBM,PatchTST,LGBM,4.748734150464464,3.949303325872543,4.932169376839728,5.793190777918446
Brent Oil,tscv_10,PatchTST+NLinear,PatchTST,NLinear,3.9684043941546365,3.0249842551095134,3.9691539229924975,5.09078761108584
Brent Oil,tscv_10,PatchTST+LGBM,PatchTST,LGBM,4.124042994780116,3.5782495273235866,4.653036349767988,5.290445453678194
Brent Oil,tscv_10,PatchTST+XGB,PatchTST,XGB,5.029051615922917,4.0567812853132,5.2952314871154345,6.451417526793008
Brent Oil,tscv_10,PatchTST,PatchTST,-,5.508053077866117,4.72318081810361,6.260567541112665,7.065894900052723
Brent Oil,tscv_11,PatchTST,PatchTST,-,5.4771606853350825,4.620386231195361,6.117516479718174,7.2272399323396765
Brent Oil,tscv_11,PatchTST+XGB,PatchTST,XGB,6.237701176209354,4.817369761585056,6.380930357457022,8.230790662652327
Brent Oil,tscv_11,PatchTST+LGBM,PatchTST,LGBM,6.576810223259046,5.05275809793944,6.6832786690897,8.678252876572248
Brent Oil,tscv_11,PatchTST+NLinear,PatchTST,NLinear,6.802107317439225,5.445210816010975,7.199614470792451,8.97553759200131
Brent Oil,tscv_12,PatchTST+LGBM,PatchTST,LGBM,7.6437335165829525,7.303520717793013,9.850088714376948,10.341887776709001
Brent Oil,tscv_12,PatchTST+XGB,PatchTST,XGB,8.25028676856329,7.7773584899175745,10.476425210205909,11.162547687074738
Brent Oil,tscv_12,PatchTST,PatchTST,-,8.251175476245354,7.433158355640231,9.97645468511466,11.163750098840437
Brent Oil,tscv_12,PatchTST+NLinear,PatchTST,NLinear,10.15472103102545,9.197178451756068,12.345963124257102,13.73922639752092
Brent Oil,tscv_13,PatchTST+NLinear,PatchTST,NLinear,6.110811634343845,5.799628342692057,7.908428025086835,8.266138781571115
Brent Oil,tscv_13,PatchTST+XGB,PatchTST,XGB,7.167352274684533,6.279215098499118,8.57719374614322,9.695328893133754
Brent Oil,tscv_13,PatchTST+LGBM,PatchTST,LGBM,7.878442463116681,7.015636381955557,9.583784536806627,10.657225697603794
Brent Oil,tscv_13,PatchTST,PatchTST,-,8.479366677783101,8.201434220377605,11.171976251772747,11.470100198222013
Brent Oil,tscv_14,PatchTST+XGB,PatchTST,XGB,3.0892219843236135,2.2468357781788697,2.9819621253398094,4.1598253030206065
Brent Oil,tscv_14,PatchTST+LGBM,PatchTST,LGBM,3.2175192659220517,2.3882046957372176,3.138198329167632,4.332585396341901
Brent Oil,tscv_14,PatchTST,PatchTST,-,3.27329562018242,2.1254678045363655,2.7679760267142814,4.407691649935821
Brent Oil,tscv_14,PatchTST+NLinear,PatchTST,NLinear,5.854616772894498,5.210818041992186,6.907941866063531,7.883597590254668
Brent Oil,tscv_15,PatchTST+LGBM,PatchTST,LGBM,5.275626236959949,4.360638825641683,5.673567456431361,7.001456898080469
Brent Oil,tscv_15,PatchTST+XGB,PatchTST,XGB,5.495865462800969,4.893587404523576,6.399336069525718,7.293743610165872
Brent Oil,tscv_15,PatchTST+NLinear,PatchTST,NLinear,8.661066648043517,7.841864804658434,10.261101517299478,11.494386088773128
Brent Oil,tscv_15,PatchTST,PatchTST,-,8.845637153414271,7.927806755138577,10.361169943066004,11.739335670105659
Brent Oil,tscv_16,PatchTST+NLinear,PatchTST,NLinear,5.095513041395216,4.421235838584295,5.772198815510083,6.776752035061079
Brent Oil,tscv_16,PatchTST+LGBM,PatchTST,LGBM,5.5641242273099305,4.922043636178988,6.452640842433335,7.399979133490875
Brent Oil,tscv_16,PatchTST+XGB,PatchTST,XGB,5.689863246278719,4.95281897355337,6.467688529768258,7.567205111672261
Brent Oil,tscv_16,PatchTST,PatchTST,-,8.75028590618364,7.710730203004867,10.0540844430751,11.637398891998433
Brent Oil,tscv_17,PatchTST+XGB,PatchTST,XGB,2.661910440127779,1.9374234905908996,2.761530896807733,3.6573323167603213
Brent Oil,tscv_17,PatchTST+NLinear,PatchTST,NLinear,2.9429360374543956,2.3497492311507933,3.2680197768633743,4.0434474855674924
Brent Oil,tscv_17,PatchTST,PatchTST,-,3.360624716620451,2.841093333265517,3.8813583794811763,4.617330919671916
Brent Oil,tscv_17,PatchTST+LGBM,PatchTST,LGBM,4.091541990280027,3.248632147109575,4.642985301588752,5.62157483619722
Brent Oil,tscv_18,PatchTST+NLinear,PatchTST,NLinear,4.075627259916666,3.164240867299883,4.778044595232416,5.9243337583634235
Brent Oil,tscv_18,PatchTST+XGB,PatchTST,XGB,6.2951412297046,5.446242152138363,8.159434989291645,9.15062033949762
Brent Oil,tscv_18,PatchTST,PatchTST,-,6.476836839287972,5.60376733417814,8.459686784329518,9.414733165561897
Brent Oil,tscv_18,PatchTST+LGBM,PatchTST,LGBM,6.8343355464025315,5.928953085811116,8.921633242362386,9.934393459318338
Brent Oil,tscv_19,PatchTST+NLinear,PatchTST,NLinear,5.33494009636106,4.564800222487678,7.064301589350398,8.040337853973401
Brent Oil,tscv_19,PatchTST+XGB,PatchTST,XGB,5.820220457357214,5.097023129708427,7.879051973279005,8.771708400939554
Brent Oil,tscv_19,PatchTST+LGBM,PatchTST,LGBM,6.579071283027508,5.698263439470758,8.83372505462284,9.915379540436993
Brent Oil,tscv_19,PatchTST,PatchTST,-,9.556350188386007,9.125135436866397,13.983011235906492,14.402464278449079
Brent Oil,tscv_20,PatchTST+XGB,PatchTST,XGB,4.893065853874547,3.4198129453386588,4.935305739087525,7.335958573368308
Brent Oil,tscv_20,PatchTST+NLinear,PatchTST,NLinear,4.9005717892077625,3.3611916982014978,4.847301938626982,7.34721189231051
Brent Oil,tscv_20,PatchTST,PatchTST,-,5.089012278688878,4.01021932612828,5.877701004882139,7.629732435802494
Brent Oil,tscv_20,PatchTST+LGBM,PatchTST,LGBM,5.710917476636033,4.119531559876905,5.967509797312781,8.56212756494022
Brent Oil,tscv_21,PatchTST+NLinear,PatchTST,NLinear,8.317759662315257,6.689577302187964,9.485912423196508,12.153363179744645
Brent Oil,tscv_21,PatchTST,PatchTST,-,8.698070580953052,7.109420022219703,10.098743849546873,12.709048472789153
Brent Oil,tscv_21,PatchTST+XGB,PatchTST,XGB,9.76169441221312,8.62544155716669,12.335564166221086,14.263145637498154
Brent Oil,tscv_21,PatchTST+LGBM,PatchTST,LGBM,9.916750187030951,8.678303222801054,12.405148389767048,14.489702934292332
Brent Oil,tscv_22,PatchTST+NLinear,PatchTST,NLinear,5.390779789812254,4.913190560041155,7.0987708886607495,7.799898237458858
Brent Oil,tscv_22,PatchTST,PatchTST,-,7.429403533935416,6.954329184105283,10.035934234502736,10.749574976003917
Brent Oil,tscv_22,PatchTST+XGB,PatchTST,XGB,9.358747959641931,9.060749701073055,13.05737151239536,13.541135895253307
Brent Oil,tscv_22,PatchTST+LGBM,PatchTST,LGBM,10.392569703234615,9.996674735247494,14.393725556614436,15.036968541011603
Brent Oil,tscv_23,PatchTST+NLinear,PatchTST,NLinear,2.1083401655478977,1.6924482432047536,2.5130436661929187,3.0985249338074885
Brent Oil,tscv_23,PatchTST+LGBM,PatchTST,LGBM,2.225370173842499,1.8786682092538018,2.7628023922496276,3.270518241448281
Brent Oil,tscv_23,PatchTST,PatchTST,-,2.3080186331604096,2.0467575998942067,3.0319187355785813,3.3919826598196727
Brent Oil,tscv_23,PatchTST+XGB,PatchTST,XGB,2.5488100377503398,1.983489586554633,2.9362486509585066,3.7458620684465704
Brent Oil,tscv_24,PatchTST+LGBM,PatchTST,LGBM,3.879916659665055,3.2841305938708576,4.918497731637761,5.86774430952758
Brent Oil,tscv_24,PatchTST,PatchTST,-,4.772932008267002,4.483304988897414,6.719091431652983,7.218285104528115
Brent Oil,tscv_24,PatchTST+XGB,PatchTST,XGB,4.8692760380444815,3.980922174701993,5.951162573178412,7.363989814724792
Brent Oil,tscv_24,PatchTST+NLinear,PatchTST,NLinear,9.520867287192974,9.335148504929315,14.090090028023353,14.398766712431563
WTI Oil,holdout,PatchTST+XGB,PatchTST,XGB,1.7523964432395758,1.420141529991514,2.4315724347470424,2.9816757033826136
WTI Oil,holdout,PatchTST+LGBM,PatchTST,LGBM,2.26844416676292,1.914723369440442,3.255921245849569,3.8597229996730373
WTI Oil,holdout,PatchTST+NLinear,PatchTST,NLinear,2.720996811855387,2.3754398239862358,4.060907906865926,4.629734392688212
WTI Oil,holdout,PatchTST,PatchTST,-,2.8716921855241817,2.599501154145741,4.439740539742957,4.886140262497992
WTI Oil,tscv_01,PatchTST+XGB,PatchTST,XGB,4.197494258906683,3.486471491495768,4.717772985791516,5.635036742669121
WTI Oil,tscv_01,PatchTST+LGBM,PatchTST,LGBM,5.012887752342227,4.280269408922218,5.805703830209506,6.729683217882984
WTI Oil,tscv_01,PatchTST+NLinear,PatchTST,NLinear,9.240897266862987,9.042215459187824,12.111263939812208,12.405685969316119
WTI Oil,tscv_01,PatchTST,PatchTST,-,9.45690613833488,9.267267656962076,12.386862228159396,12.695672769155998
WTI Oil,tscv_02,PatchTST+XGB,PatchTST,XGB,6.225320861215367,5.754034200032554,7.864001247922723,8.442272055947162
WTI Oil,tscv_02,PatchTST+LGBM,PatchTST,LGBM,6.281356874506429,5.879945793946464,8.039681714311934,8.518263523645015
WTI Oil,tscv_02,PatchTST+NLinear,PatchTST,NLinear,8.228185165753752,7.8793133087158225,10.76856146732859,11.158393156692702
WTI Oil,tscv_02,PatchTST,PatchTST,-,9.225326923870316,8.826580841064455,12.067306395655924,12.510635424687546
WTI Oil,tscv_03,PatchTST+NLinear,PatchTST,NLinear,2.0459306771890233,1.6355079294840493,2.207796107587509,2.71255600954689
WTI Oil,tscv_03,PatchTST+XGB,PatchTST,XGB,2.580381773040959,2.155159154256187,2.9054791018444686,3.4211472379916
WTI Oil,tscv_03,PatchTST,PatchTST,-,3.8936721937803735,2.9203049265543632,3.962238653669071,5.162346909503215
WTI Oil,tscv_03,PatchTST+LGBM,PatchTST,LGBM,4.220315038656695,3.3455450985541972,4.523582152713268,5.59541975098488
WTI Oil,tscv_04,PatchTST+LGBM,PatchTST,LGBM,7.292152373922362,5.783191067388607,7.0781323805559335,9.214498768031792
WTI Oil,tscv_04,PatchTST+XGB,PatchTST,XGB,8.86206898495078,7.390971353149414,9.086778613981437,11.198274467778027
WTI Oil,tscv_04,PatchTST,PatchTST,-,14.318699792474117,13.673607995605467,17.073852486392813,18.093374196266428
WTI Oil,tscv_04,PatchTST+NLinear,PatchTST,NLinear,20.741103603707156,20.396223237609863,25.614231617490844,26.208842575402574
WTI Oil,tscv_05,PatchTST+NLinear,PatchTST,NLinear,3.062213953006508,2.4451548963080527,2.95320872465324,3.7775511422741817
WTI Oil,tscv_05,PatchTST+XGB,PatchTST,XGB,4.828591219991856,3.7907653089057085,4.5635570657799445,5.956556451826917
WTI Oil,tscv_05,PatchTST+LGBM,PatchTST,LGBM,5.986619219585881,4.9751320290911325,6.011825433366172,7.385101308516949
WTI Oil,tscv_05,PatchTST,PatchTST,-,7.447772532132641,6.764176167060007,8.220749698830861,9.187581948195813
WTI Oil,tscv_06,PatchTST+XGB,PatchTST,XGB,4.07146740977699,3.700070620998808,4.60492127335815,5.033379268468378
WTI Oil,tscv_06,PatchTST+NLinear,PatchTST,NLinear,4.417800652559303,3.6764259783257387,4.653115850736663,5.461536094681904
WTI Oil,tscv_06,PatchTST+LGBM,PatchTST,LGBM,4.629705210955607,4.138116275591205,5.180669221722515,5.723504545802165
WTI Oil,tscv_06,PatchTST,PatchTST,-,5.602269274847035,4.5552713410102,5.778335604591472,6.92584348254355
WTI Oil,tscv_07,PatchTST+XGB,PatchTST,XGB,3.2988978132976206,2.5708918815782327,3.199313930090217,4.127898626269027
WTI Oil,tscv_07,PatchTST,PatchTST,-,3.3326295393791012,2.823976694200303,3.598128231601594,4.170107010291156
WTI Oil,tscv_07,PatchTST+NLinear,PatchTST,NLinear,3.798191005509678,3.0094255518256303,3.7565451041055278,4.752662350058761
WTI Oil,tscv_07,PatchTST+LGBM,PatchTST,LGBM,3.983697856038561,3.022370425578893,3.7524868507863034,4.984786385660885
WTI Oil,tscv_08,PatchTST+XGB,PatchTST,XGB,4.576069900102063,3.8609624228922512,4.970340403663799,5.7829190313582455
WTI Oil,tscv_08,PatchTST+LGBM,PatchTST,LGBM,4.960494337954918,3.7863121179889645,4.872220531937696,6.268727912408966
WTI Oil,tscv_08,PatchTST+NLinear,PatchTST,NLinear,6.391350118527581,5.715399190063478,7.327585878999702,8.076943981052949
WTI Oil,tscv_08,PatchTST,PatchTST,-,8.57197414181682,7.9551948748779315,10.168229889343907,10.832665034228967
WTI Oil,tscv_09,PatchTST+XGB,PatchTST,XGB,4.095843312703733,3.457495112304688,4.3402696735560164,5.223934236838082
WTI Oil,tscv_09,PatchTST,PatchTST,-,5.235674180967507,4.326962148234046,5.380129687523761,6.677701151812525
WTI Oil,tscv_09,PatchTST+LGBM,PatchTST,LGBM,5.289460370037869,4.246550860048372,5.271708839412423,6.746301313757741
WTI Oil,tscv_09,PatchTST+NLinear,PatchTST,NLinear,7.227745605031412,6.511193003540037,8.219361126958065,9.218435579352127
WTI Oil,tscv_10,PatchTST+LGBM,PatchTST,LGBM,2.226659337430571,1.9579629666912162,2.6647820303778973,2.9843905194588767
WTI Oil,tscv_10,PatchTST+XGB,PatchTST,XGB,3.25007143604274,2.733439747314454,3.783152217818322,4.356069299977723
WTI Oil,tscv_10,PatchTST+NLinear,PatchTST,NLinear,4.215647540979642,3.7400463163248667,4.922068369037718,5.650230523901171
WTI Oil,tscv_10,PatchTST,PatchTST,-,4.581692905023351,3.842189921874997,4.990801327667889,6.14084096249862
WTI Oil,tscv_11,PatchTST+LGBM,PatchTST,LGBM,5.332225508645186,4.661199296636533,6.430616313295865,7.380462204245218
WTI Oil,tscv_11,PatchTST+XGB,PatchTST,XGB,5.474472914321762,4.59226377187093,6.351738667462338,7.577350276504309
WTI Oil,tscv_11,PatchTST+NLinear,PatchTST,NLinear,8.514568697677365,8.113661502380369,11.135128286954577,11.785220328129746
WTI Oil,tscv_11,PatchTST,PatchTST,-,8.806186677073146,8.292435382385252,11.395856552474994,12.188855821699818
WTI Oil,tscv_12,PatchTST,PatchTST,-,2.7785968767768914,2.289618895670575,3.2777866086043224,3.952886737433466
WTI Oil,tscv_12,PatchTST+NLinear,PatchTST,NLinear,2.930608504262509,2.3786436861165363,3.3520008733030617,4.169141477819048
WTI Oil,tscv_12,PatchTST+XGB,PatchTST,XGB,4.205601591009454,3.7081387219238295,5.328360587375802,5.982971798094773
WTI Oil,tscv_12,PatchTST+LGBM,PatchTST,LGBM,5.043571763234829,4.548659197643897,6.530564644433608,7.1750846978965
WTI Oil,tscv_13,PatchTST+XGB,PatchTST,XGB,2.0307173894162553,1.582516186039032,2.2213932970636345,2.893082731300407
WTI Oil,tscv_13,PatchTST,PatchTST,-,2.8956416792784796,2.6696648717486675,3.836320446286375,4.12530615141992
WTI Oil,tscv_13,PatchTST+LGBM,PatchTST,LGBM,3.079437213097918,2.579910042606192,3.624580229676172,4.3871523776621695
WTI Oil,tscv_13,PatchTST+NLinear,PatchTST,NLinear,4.139484802315463,3.6471192672487285,5.132016799229661,5.897360243466423
WTI Oil,tscv_14,PatchTST+XGB,PatchTST,XGB,4.80564623833469,3.9430796534462567,5.428561620197065,6.783731128648922
WTI Oil,tscv_14,PatchTST+LGBM,PatchTST,LGBM,4.95347386117497,3.701615689936498,5.054336606875875,6.992407089591751
WTI Oil,tscv_14,PatchTST,PatchTST,-,6.630708893742127,5.488491193959068,7.559134792003354,9.360020296266141
WTI Oil,tscv_14,PatchTST+NLinear,PatchTST,NLinear,7.273655393248789,6.752896126616946,9.400902410358503,10.267614398380204
WTI Oil,tscv_15,PatchTST+XGB,PatchTST,XGB,8.028171936851036,7.178195529828752,9.802667205112982,11.1517613202271
WTI Oil,tscv_15,PatchTST+LGBM,PatchTST,LGBM,8.242305613221712,7.179278661723252,9.7808481030535,11.449209813893168
WTI Oil,tscv_15,PatchTST+NLinear,PatchTST,NLinear,12.827971735646525,12.302530167449463,16.985017284113287,17.819060197490113
WTI Oil,tscv_15,PatchTST,PatchTST,-,16.96077321974732,16.613879400441,22.939549831559066,23.559846032309935
WTI Oil,tscv_16,PatchTST+XGB,PatchTST,XGB,4.368961990568651,3.742685566784085,5.1340542549722645,6.078493643692616
WTI Oil,tscv_16,PatchTST+NLinear,PatchTST,NLinear,4.5963473117210505,3.802611770193915,5.178797299793416,6.3948525940056555
WTI Oil,tscv_16,PatchTST+LGBM,PatchTST,LGBM,4.74095341624449,3.798974026456468,5.193770896481398,6.596041638241417
WTI Oil,tscv_16,PatchTST,PatchTST,-,5.740923649004409,4.910574843924384,6.701331206653377,7.987290341442393
WTI Oil,tscv_17,PatchTST+LGBM,PatchTST,LGBM,5.750034674416677,4.079841328867075,6.177566387822872,8.300042100280521
WTI Oil,tscv_17,PatchTST+NLinear,PatchTST,NLinear,7.1806707184464855,5.899218380107576,8.779863813367394,10.365132150686314
WTI Oil,tscv_17,PatchTST,PatchTST,-,8.613159470985547,6.995750532071553,10.443546237645107,12.432896542986906
WTI Oil,tscv_17,PatchTST+XGB,PatchTST,XGB,8.786146332520232,6.884375909811353,10.367689951136573,12.68259907781187
WTI Oil,tscv_18,PatchTST+NLinear,PatchTST,NLinear,5.844065056378485,4.710832405938045,7.489247967827704,8.940415110954918
WTI Oil,tscv_18,PatchTST,PatchTST,-,8.5551826456064,7.365998597741505,11.718265216059114,13.087959059982978
WTI Oil,tscv_18,PatchTST+XGB,PatchTST,XGB,9.65262397854673,8.918977715240962,13.988108865827162,14.766855681042564
WTI Oil,tscv_18,PatchTST+LGBM,PatchTST,LGBM,10.206255256461523,9.470159836294135,14.87672409199928,15.613816383090938
WTI Oil,tscv_19,PatchTST+XGB,PatchTST,XGB,7.023190195678271,6.244320358567009,10.080435840557652,11.114907234659903
WTI Oil,tscv_19,PatchTST+LGBM,PatchTST,LGBM,7.379280033427001,6.633375394037043,10.710223464225574,11.678455337944609
WTI Oil,tscv_19,PatchTST+NLinear,PatchTST,NLinear,8.519332638442643,7.937653666469028,12.693277869556962,13.482703634563245
WTI Oil,tscv_19,PatchTST,PatchTST,-,9.81823414732614,9.39283987455822,15.029234188679345,15.538346351897564
WTI Oil,tscv_20,PatchTST+NLinear,PatchTST,NLinear,5.693760180954051,5.242392927381725,8.300028118827639,8.89183937218388
WTI Oil,tscv_20,PatchTST+XGB,PatchTST,XGB,7.6626420601212155,6.722547608100044,10.749791848546218,11.966605582204425
WTI Oil,tscv_20,PatchTST,PatchTST,-,7.811613834480596,6.897879359605578,11.016710903705322,12.199252031386427
WTI Oil,tscv_20,PatchTST+LGBM,PatchTST,LGBM,8.409778395547535,7.183151924944107,11.534531460982839,13.133394500704282
WTI Oil,tscv_21,PatchTST+XGB,PatchTST,XGB,11.208372345898919,10.563409010339162,15.76775302874299,16.980545437668425
WTI Oil,tscv_21,PatchTST+NLinear,PatchTST,NLinear,11.948852793750735,11.50460354464092,17.24335007629892,18.102364155178602
WTI Oil,tscv_21,PatchTST+LGBM,PatchTST,LGBM,11.968263140881977,11.320577527864176,16.90798055244146,18.131770590943876
WTI Oil,tscv_21,PatchTST,PatchTST,-,12.063070870491677,11.487261930871389,17.172117250303298,18.275403128371913
WTI Oil,tscv_22,PatchTST,PatchTST,-,5.7025040681908274,5.099490379188173,7.527133637040033,8.578475592454152
WTI Oil,tscv_22,PatchTST+NLinear,PatchTST,NLinear,5.899240291461789,4.883727429053894,7.19846287853131,8.874432749047115
WTI Oil,tscv_22,PatchTST+LGBM,PatchTST,LGBM,6.40498657175485,5.293859846344687,7.76352969441418,9.635244502899127
WTI Oil,tscv_22,PatchTST+XGB,PatchTST,XGB,6.550166945250384,5.835082267615907,8.610349165150454,9.85364439804027
WTI Oil,tscv_23,PatchTST+XGB,PatchTST,XGB,5.642125996517534,5.527927439371742,8.505621903420117,8.71070083696464
WTI Oil,tscv_23,PatchTST+LGBM,PatchTST,LGBM,7.646889533793489,7.428855931981119,11.412434945168702,11.805792196647925
WTI Oil,tscv_23,PatchTST+NLinear,PatchTST,NLinear,8.68632287731637,8.580113451639807,13.213037904528049,13.410540637392105
WTI Oil,tscv_23,PatchTST,PatchTST,-,8.942867011975894,8.864762664794918,13.657443721214477,13.806611056570334
WTI Oil,tscv_24,PatchTST,PatchTST,-,1.9376858368186587,1.7428447307283896,2.7826212527824286,3.103688280930919
WTI Oil,tscv_24,PatchTST+NLinear,PatchTST,NLinear,2.0051443657736976,1.816462030126176,2.9001994622814777,3.2117399793994093
WTI Oil,tscv_24,PatchTST+XGB,PatchTST,XGB,3.2218910903535156,2.6680572729443726,4.249167018277601,5.160664040350205
WTI Oil,tscv_24,PatchTST+LGBM,PatchTST,LGBM,3.5719918220284312,2.9773513806364296,4.73359327496102,5.721437885830125
